sub,status,repetition,resp,rt
2,FALSE,TRUE,1,7551
2,FALSE,TRUE,0,2565
2,FALSE,TRUE,0,3553
2,FALSE,TRUE,0,4244
2,FALSE,TRUE,0,4273
2,FALSE,TRUE,0,2769
2,FALSE,TRUE,1,6746
2,FALSE,TRUE,1,4867
2,FALSE,TRUE,0,2567
2,FALSE,TRUE,0,3139
2,FALSE,TRUE,0,3919
2,FALSE,TRUE,0,2887
2,FALSE,TRUE,1,3241
2,FALSE,TRUE,0,3525
2,FALSE,TRUE,0,3620
2,TRUE,TRUE,0,3146
2,TRUE,TRUE,1,3006
2,TRUE,TRUE,1,2807
2,TRUE,TRUE,0,3261
2,TRUE,TRUE,1,4235
2,TRUE,TRUE,1,3027
2,TRUE,TRUE,1,4470
2,TRUE,TRUE,1,2466
2,TRUE,TRUE,1,6091
2,TRUE,TRUE,0,8098
2,TRUE,TRUE,0,3997
2,TRUE,TRUE,0,3659
2,TRUE,TRUE,1,11994
2,TRUE,TRUE,1,3848
2,TRUE,TRUE,0,5532
2,FALSE,FALSE,1,7390
2,FALSE,FALSE,1,4635
2,FALSE,FALSE,1,3378
2,FALSE,FALSE,0,5310
2,FALSE,FALSE,0,3623
2,FALSE,FALSE,0,5045
2,FALSE,FALSE,1,5797
2,FALSE,FALSE,1,3875
2,FALSE,FALSE,1,5987
2,FALSE,FALSE,0,42917
2,FALSE,FALSE,1,5104
2,FALSE,FALSE,0,5587
2,FALSE,FALSE,1,6239
2,FALSE,FALSE,0,4007
2,FALSE,FALSE,1,4198
2,TRUE,FALSE,0,3397
2,TRUE,FALSE,1,4966
2,TRUE,FALSE,0,5439
2,TRUE,FALSE,1,3798
2,TRUE,FALSE,0,7654
2,TRUE,FALSE,0,6206
2,TRUE,FALSE,1,3233
2,TRUE,FALSE,0,7227
2,TRUE,FALSE,0,6253
2,TRUE,FALSE,1,6327
2,TRUE,FALSE,1,3799
2,TRUE,FALSE,1,2693
2,TRUE,FALSE,0,5577
2,TRUE,FALSE,1,9885
2,TRUE,FALSE,0,4787
3,FALSE,TRUE,0,5966
3,FALSE,TRUE,0,4299
3,FALSE,TRUE,1,4607
3,FALSE,TRUE,0,9376
3,FALSE,TRUE,0,16085
3,FALSE,TRUE,0,4257
3,FALSE,TRUE,0,7906
3,FALSE,TRUE,0,7906
3,FALSE,TRUE,0,3310
3,FALSE,TRUE,0,8073
3,FALSE,TRUE,0,6399
3,FALSE,TRUE,0,3404
3,FALSE,TRUE,0,5955
3,FALSE,TRUE,0,11219
3,FALSE,TRUE,0,11888
3,TRUE,TRUE,0,4003
3,TRUE,TRUE,0,4290
3,TRUE,TRUE,0,7880
3,TRUE,TRUE,0,5488
3,TRUE,TRUE,1,8054
3,TRUE,TRUE,0,3114
3,TRUE,TRUE,0,12174
3,TRUE,TRUE,0,4937
3,TRUE,TRUE,0,7647
3,TRUE,TRUE,1,9557
3,TRUE,TRUE,0,3580
3,TRUE,TRUE,0,3523
3,TRUE,TRUE,0,5347
3,TRUE,TRUE,0,7976
3,TRUE,TRUE,1,6514
3,FALSE,FALSE,0,4091
3,FALSE,FALSE,0,6142
3,FALSE,FALSE,0,6671
3,FALSE,FALSE,0,9006
3,FALSE,FALSE,0,5397
3,FALSE,FALSE,0,8056
3,FALSE,FALSE,0,10872
3,FALSE,FALSE,0,3248
3,FALSE,FALSE,0,6791
3,FALSE,FALSE,0,13872
3,FALSE,FALSE,0,15578
3,FALSE,FALSE,0,4381
3,FALSE,FALSE,0,4164
3,FALSE,FALSE,0,11964
3,FALSE,FALSE,0,10014
3,TRUE,FALSE,0,7965
3,TRUE,FALSE,1,7741
3,TRUE,FALSE,0,3315
3,TRUE,FALSE,0,5848
3,TRUE,FALSE,0,10574
3,TRUE,FALSE,0,9280
3,TRUE,FALSE,0,6329
3,TRUE,FALSE,0,6315
3,TRUE,FALSE,0,12389
3,TRUE,FALSE,0,8510
3,TRUE,FALSE,1,74526
3,TRUE,FALSE,0,6734
3,TRUE,FALSE,0,6939
3,TRUE,FALSE,0,7446
3,TRUE,FALSE,0,8413
6,FALSE,TRUE,1,2671
6,FALSE,TRUE,1,2919
6,FALSE,TRUE,0,1724
6,FALSE,TRUE,1,3082
6,FALSE,TRUE,0,5850
6,FALSE,TRUE,0,2740
6,FALSE,TRUE,1,2397
6,FALSE,TRUE,0,3222
6,FALSE,TRUE,0,3909
6,FALSE,TRUE,0,2680
6,FALSE,TRUE,1,2571
6,FALSE,TRUE,0,2970
6,FALSE,TRUE,0,2570
6,FALSE,TRUE,0,2843
6,FALSE,TRUE,0,2823
6,TRUE,TRUE,1,3070
6,TRUE,TRUE,1,3461
6,TRUE,TRUE,0,92
6,TRUE,TRUE,0,2575
6,TRUE,TRUE,0,4113
6,TRUE,TRUE,1,2135
6,TRUE,TRUE,1,3479
6,TRUE,TRUE,1,7851
6,TRUE,TRUE,0,4035
6,TRUE,TRUE,1,3467
6,TRUE,TRUE,0,10282
6,TRUE,TRUE,1,4199
6,TRUE,TRUE,1,18354
6,TRUE,TRUE,0,3523
6,TRUE,TRUE,1,2747
6,FALSE,FALSE,1,2602
6,FALSE,FALSE,0,4218
6,FALSE,FALSE,0,3950
6,FALSE,FALSE,0,3178
6,FALSE,FALSE,0,3689
6,FALSE,FALSE,1,2962
6,FALSE,FALSE,0,3276
6,FALSE,FALSE,0,2235
6,FALSE,FALSE,0,1861
6,FALSE,FALSE,0,2018
6,FALSE,FALSE,0,3619
6,FALSE,FALSE,0,2154
6,FALSE,FALSE,1,2367
6,FALSE,FALSE,1,2033
6,FALSE,FALSE,1,2926
6,TRUE,FALSE,0,1544
6,TRUE,FALSE,0,2263
6,TRUE,FALSE,1,1642
6,TRUE,FALSE,1,3616
6,TRUE,FALSE,0,2740
6,TRUE,FALSE,1,2290
6,TRUE,FALSE,1,2157
6,TRUE,FALSE,1,2115
6,TRUE,FALSE,1,3163
6,TRUE,FALSE,1,2181
6,TRUE,FALSE,0,3169
6,TRUE,FALSE,0,10481
6,TRUE,FALSE,0,5534
6,TRUE,FALSE,0,3210
6,TRUE,FALSE,1,2758
8,FALSE,FALSE,0,3683
8,FALSE,FALSE,1,2229
8,FALSE,FALSE,0,3432
8,FALSE,FALSE,0,7467
8,FALSE,FALSE,1,2685
8,FALSE,FALSE,0,5048
8,FALSE,FALSE,1,2529
8,FALSE,FALSE,0,3665
8,FALSE,FALSE,0,2520
8,FALSE,FALSE,0,4632
8,FALSE,FALSE,0,5749
8,FALSE,FALSE,0,4039
8,FALSE,FALSE,1,8580
8,FALSE,FALSE,1,4264
8,FALSE,FALSE,0,2580
8,TRUE,FALSE,0,5282
8,TRUE,FALSE,1,2933
8,TRUE,FALSE,1,5383
8,TRUE,FALSE,0,5112
8,TRUE,FALSE,0,2406
8,TRUE,FALSE,0,2816
8,TRUE,FALSE,0,2653
8,TRUE,FALSE,0,3849
8,TRUE,FALSE,0,5015
8,TRUE,FALSE,0,3893
8,TRUE,FALSE,1,4116
8,TRUE,FALSE,1,4861
8,TRUE,FALSE,0,3383
8,TRUE,FALSE,0,4466
8,TRUE,FALSE,0,8369
8,FALSE,TRUE,1,4844
8,FALSE,TRUE,0,5214
8,FALSE,TRUE,0,3356
8,FALSE,TRUE,0,2937
8,FALSE,TRUE,0,3566
8,FALSE,TRUE,1,2811
8,FALSE,TRUE,0,4087
8,FALSE,TRUE,0,4415
8,FALSE,TRUE,1,3277
8,FALSE,TRUE,0,4209
8,FALSE,TRUE,0,3061
8,FALSE,TRUE,0,5465
8,FALSE,TRUE,0,11433
8,FALSE,TRUE,1,1971
8,FALSE,TRUE,0,3999
8,TRUE,TRUE,1,5092
8,TRUE,TRUE,1,4011
8,TRUE,TRUE,1,4970
8,TRUE,TRUE,1,3283
8,TRUE,TRUE,1,5282
8,TRUE,TRUE,0,3410
8,TRUE,TRUE,1,4748
8,TRUE,TRUE,0,2900
8,TRUE,TRUE,0,5421
8,TRUE,TRUE,1,3601
8,TRUE,TRUE,0,3049
8,TRUE,TRUE,1,8261
8,TRUE,TRUE,1,4333
8,TRUE,TRUE,0,2015
8,TRUE,TRUE,0,2816
11,FALSE,TRUE,0,64220
11,FALSE,TRUE,1,1485
11,FALSE,TRUE,0,1871
11,FALSE,TRUE,0,1779
11,FALSE,TRUE,1,1502
11,FALSE,TRUE,0,2321
11,FALSE,TRUE,1,2160
11,FALSE,TRUE,0,1935
11,FALSE,TRUE,0,2602
11,FALSE,TRUE,0,2049
11,FALSE,TRUE,0,2693
11,FALSE,TRUE,0,2515
11,FALSE,TRUE,1,2593
11,FALSE,TRUE,1,2350
11,FALSE,TRUE,1,2066
11,TRUE,TRUE,1,2685
11,TRUE,TRUE,1,2463
11,TRUE,TRUE,1,2736
11,TRUE,TRUE,1,2035
11,TRUE,TRUE,0,2246
11,TRUE,TRUE,0,2385
11,TRUE,TRUE,1,1594
11,TRUE,TRUE,0,1802
11,TRUE,TRUE,1,2282
11,TRUE,TRUE,0,1896
11,TRUE,TRUE,0,4480
11,TRUE,TRUE,0,2280
11,TRUE,TRUE,0,1333
11,TRUE,TRUE,0,4479
11,TRUE,TRUE,0,1585
11,FALSE,FALSE,0,3160
11,FALSE,FALSE,0,4293
11,FALSE,FALSE,1,1372
11,FALSE,FALSE,0,2693
11,FALSE,FALSE,0,2537
11,FALSE,FALSE,0,1265
11,FALSE,FALSE,0,3580
11,FALSE,FALSE,0,2964
11,FALSE,FALSE,0,1733
11,FALSE,FALSE,0,34299
11,FALSE,FALSE,0,3859
11,FALSE,FALSE,0,2315
11,FALSE,FALSE,0,3960
11,FALSE,FALSE,0,1404
11,FALSE,FALSE,0,1536
11,TRUE,FALSE,0,2312
11,TRUE,FALSE,0,7191
11,TRUE,FALSE,0,2318
11,TRUE,FALSE,0,2409
11,TRUE,FALSE,1,3732
11,TRUE,FALSE,1,3381
11,TRUE,FALSE,1,3645
11,TRUE,FALSE,0,1897
11,TRUE,FALSE,0,3177
11,TRUE,FALSE,1,2302
11,TRUE,FALSE,0,2596
11,TRUE,FALSE,1,4036
11,TRUE,FALSE,0,2431
11,TRUE,FALSE,0,1454
11,TRUE,FALSE,0,4842
15,FALSE,FALSE,0,8045
15,FALSE,FALSE,0,5798
15,FALSE,FALSE,0,4932
15,FALSE,FALSE,0,4765
15,FALSE,FALSE,1,6016
15,FALSE,FALSE,1,5778
15,FALSE,FALSE,1,7236
15,FALSE,FALSE,1,7139
15,FALSE,FALSE,1,8699
15,FALSE,FALSE,0,8016
15,FALSE,FALSE,0,6140
15,FALSE,FALSE,1,11488
15,FALSE,FALSE,0,6186
15,FALSE,FALSE,0,7969
15,FALSE,FALSE,0,6851
15,TRUE,FALSE,1,6752
15,TRUE,FALSE,1,4530
15,TRUE,FALSE,1,8147
15,TRUE,FALSE,1,5634
15,TRUE,FALSE,0,8459
15,TRUE,FALSE,0,10794
15,TRUE,FALSE,0,8581
15,TRUE,FALSE,1,10496
15,TRUE,FALSE,1,4340
15,TRUE,FALSE,1,4889
15,TRUE,FALSE,1,4181
15,TRUE,FALSE,1,12192
15,TRUE,FALSE,1,8712
15,TRUE,FALSE,1,12630
15,TRUE,FALSE,1,12090
15,FALSE,TRUE,1,8326
15,FALSE,TRUE,1,11771
15,FALSE,TRUE,1,16834
15,FALSE,TRUE,1,6146
15,FALSE,TRUE,0,8460
15,FALSE,TRUE,1,6388
15,FALSE,TRUE,0,7873
15,FALSE,TRUE,1,5184
15,FALSE,TRUE,1,4909
15,FALSE,TRUE,1,6359
15,FALSE,TRUE,0,11007
15,FALSE,TRUE,1,4717
15,FALSE,TRUE,1,4022
15,FALSE,TRUE,0,6120
15,FALSE,TRUE,1,4918
15,TRUE,TRUE,0,7633
15,TRUE,TRUE,1,6920
15,TRUE,TRUE,1,9077
15,TRUE,TRUE,1,3800
15,TRUE,TRUE,1,5304
15,TRUE,TRUE,1,5113
15,TRUE,TRUE,1,5762
15,TRUE,TRUE,1,5635
15,TRUE,TRUE,1,5788
15,TRUE,TRUE,1,5169
15,TRUE,TRUE,0,10881
15,TRUE,TRUE,1,11053
15,TRUE,TRUE,1,6957
15,TRUE,TRUE,0,6929
15,TRUE,TRUE,0,8546
16,FALSE,FALSE,1,4280
16,FALSE,FALSE,0,2517
16,FALSE,FALSE,0,246
16,FALSE,FALSE,0,1932
16,FALSE,FALSE,1,1685
16,FALSE,FALSE,1,4348
16,FALSE,FALSE,0,10064
16,FALSE,FALSE,1,3871
16,FALSE,FALSE,0,4331
16,FALSE,FALSE,0,6177
16,FALSE,FALSE,0,3248
16,FALSE,FALSE,1,5381
16,FALSE,FALSE,0,6965
16,FALSE,FALSE,1,3629
16,FALSE,FALSE,0,2703
16,TRUE,FALSE,0,3616
16,TRUE,FALSE,0,2115
16,TRUE,FALSE,0,2665
16,TRUE,FALSE,1,4178
16,TRUE,FALSE,0,2416
16,TRUE,FALSE,1,3448
16,TRUE,FALSE,0,3717
16,TRUE,FALSE,0,2983
16,TRUE,FALSE,1,2315
16,TRUE,FALSE,1,3082
16,TRUE,FALSE,0,3103
16,TRUE,FALSE,1,5298
16,TRUE,FALSE,0,2931
16,TRUE,FALSE,0,3581
16,TRUE,FALSE,1,4183
16,FALSE,TRUE,1,2498
16,FALSE,TRUE,0,3131
16,FALSE,TRUE,0,2932
16,FALSE,TRUE,1,1359
16,FALSE,TRUE,0,1810
16,FALSE,TRUE,1,3087
16,FALSE,TRUE,1,3559
16,FALSE,TRUE,0,2884
16,FALSE,TRUE,0,2993
16,FALSE,TRUE,0,3003
16,FALSE,TRUE,0,3962
16,FALSE,TRUE,1,2498
16,FALSE,TRUE,0,2179
16,FALSE,TRUE,1,4182
16,FALSE,TRUE,1,2512
16,TRUE,TRUE,0,2749
16,TRUE,TRUE,0,1905
16,TRUE,TRUE,0,260
16,TRUE,TRUE,0,2942
16,TRUE,TRUE,1,4366
16,TRUE,TRUE,1,2162
16,TRUE,TRUE,1,4731
16,TRUE,TRUE,1,3383
16,TRUE,TRUE,1,4067
16,TRUE,TRUE,1,3702
16,TRUE,TRUE,0,2580
16,TRUE,TRUE,0,3915
16,TRUE,TRUE,0,3749
16,TRUE,TRUE,0,3567
16,TRUE,TRUE,1,2497
17,FALSE,FALSE,0,6263
17,FALSE,FALSE,0,4030
17,FALSE,FALSE,0,2018
17,FALSE,FALSE,0,2525
17,FALSE,FALSE,0,1916
17,FALSE,FALSE,0,2311
17,FALSE,FALSE,0,1976
17,FALSE,FALSE,0,3215
17,FALSE,FALSE,1,1976
17,FALSE,FALSE,0,1930
17,FALSE,FALSE,0,1614
17,FALSE,FALSE,0,2042
17,FALSE,FALSE,1,2485
17,FALSE,FALSE,0,1423
17,FALSE,FALSE,0,1941
17,TRUE,FALSE,0,1992
17,TRUE,FALSE,0,3518
17,TRUE,FALSE,0,1782
17,TRUE,FALSE,1,2036
17,TRUE,FALSE,1,2164
17,TRUE,FALSE,0,2060
17,TRUE,FALSE,1,3161
17,TRUE,FALSE,1,1569
17,TRUE,FALSE,1,3179
17,TRUE,FALSE,1,2675
17,TRUE,FALSE,0,2868
17,TRUE,FALSE,1,3093
17,TRUE,FALSE,0,1917
17,TRUE,FALSE,1,1999
17,TRUE,FALSE,1,1756
17,FALSE,TRUE,0,2933
17,FALSE,TRUE,1,2141
17,FALSE,TRUE,1,2520
17,FALSE,TRUE,0,1830
17,FALSE,TRUE,0,1320
17,FALSE,TRUE,1,1886
17,FALSE,TRUE,0,1938
17,FALSE,TRUE,1,2157
17,FALSE,TRUE,0,1593
17,FALSE,TRUE,0,1804
17,FALSE,TRUE,0,1702
17,FALSE,TRUE,1,2624
17,FALSE,TRUE,0,2103
17,FALSE,TRUE,0,1491
17,FALSE,TRUE,1,3751
17,TRUE,TRUE,0,1557
17,TRUE,TRUE,1,1582
17,TRUE,TRUE,1,1730
17,TRUE,TRUE,0,2012
17,TRUE,TRUE,0,1689
17,TRUE,TRUE,1,1836
17,TRUE,TRUE,0,4113
17,TRUE,TRUE,1,3337
17,TRUE,TRUE,1,2515
17,TRUE,TRUE,1,2850
17,TRUE,TRUE,0,2255
17,TRUE,TRUE,1,2223
17,TRUE,TRUE,1,1344
17,TRUE,TRUE,1,1611
17,TRUE,TRUE,1,1373
19,FALSE,TRUE,0,3758
19,FALSE,TRUE,1,2488
19,FALSE,TRUE,1,3560
19,FALSE,TRUE,1,2388
19,FALSE,TRUE,0,2897
19,FALSE,TRUE,1,3729
19,FALSE,TRUE,1,2266
19,FALSE,TRUE,0,2814
19,FALSE,TRUE,1,4019
19,FALSE,TRUE,1,3479
19,FALSE,TRUE,0,2772
19,FALSE,TRUE,1,3243
19,FALSE,TRUE,1,4237
19,FALSE,TRUE,0,3021
19,FALSE,TRUE,0,3191
19,TRUE,TRUE,1,3598
19,TRUE,TRUE,1,2511
19,TRUE,TRUE,1,5712
19,TRUE,TRUE,0,4438
19,TRUE,TRUE,1,2119
19,TRUE,TRUE,0,8120
19,TRUE,TRUE,0,3220
19,TRUE,TRUE,1,2751
19,TRUE,TRUE,0,3471
19,TRUE,TRUE,1,3369
19,TRUE,TRUE,1,2681
19,TRUE,TRUE,1,5542
19,TRUE,TRUE,1,3429
19,TRUE,TRUE,1,4541
19,TRUE,TRUE,0,2428
19,FALSE,FALSE,0,2456
19,FALSE,FALSE,0,2858
19,FALSE,FALSE,1,4219
19,FALSE,FALSE,1,4837
19,FALSE,FALSE,0,3186
19,FALSE,FALSE,0,5222
19,FALSE,FALSE,0,5146
19,FALSE,FALSE,0,3652
19,FALSE,FALSE,0,3219
19,FALSE,FALSE,1,3619
19,FALSE,FALSE,0,3625
19,FALSE,FALSE,1,3020
19,FALSE,FALSE,1,4713
19,FALSE,FALSE,0,4928
19,FALSE,FALSE,0,12040
19,TRUE,FALSE,1,2577
19,TRUE,FALSE,0,4647
19,TRUE,FALSE,0,3321
19,TRUE,FALSE,1,2794
19,TRUE,FALSE,1,2947
19,TRUE,FALSE,1,2661
19,TRUE,FALSE,1,3243
19,TRUE,FALSE,1,2622
19,TRUE,FALSE,0,3047
19,TRUE,FALSE,1,3588
19,TRUE,FALSE,1,3516
19,TRUE,FALSE,0,3733
19,TRUE,FALSE,0,2430
19,TRUE,FALSE,1,2420
19,TRUE,FALSE,0,2614
20,FALSE,FALSE,1,1571
20,FALSE,FALSE,1,2101
20,FALSE,FALSE,0,1340
20,FALSE,FALSE,0,2139
20,FALSE,FALSE,0,2080
20,FALSE,FALSE,0,1496
20,FALSE,FALSE,0,2351
20,FALSE,FALSE,1,5072
20,FALSE,FALSE,0,1427
20,FALSE,FALSE,0,2081
20,FALSE,FALSE,0,3125
20,FALSE,FALSE,1,2695
20,FALSE,FALSE,0,2235
20,FALSE,FALSE,0,2906
20,FALSE,FALSE,1,2620
20,TRUE,FALSE,0,2334
20,TRUE,FALSE,0,3157
20,TRUE,FALSE,1,5160
20,TRUE,FALSE,0,1607
20,TRUE,FALSE,1,3187
20,TRUE,FALSE,1,3578
20,TRUE,FALSE,1,1846
20,TRUE,FALSE,1,4045
20,TRUE,FALSE,0,1443
20,TRUE,FALSE,1,3899
20,TRUE,FALSE,0,1532
20,TRUE,FALSE,1,2597
20,TRUE,FALSE,0,4280
20,TRUE,FALSE,1,7003
20,TRUE,FALSE,1,7624
20,FALSE,TRUE,0,4326
20,FALSE,TRUE,0,3818
20,FALSE,TRUE,1,4154
20,FALSE,TRUE,0,1345
20,FALSE,TRUE,0,1529
20,FALSE,TRUE,1,1923
20,FALSE,TRUE,0,2373
20,FALSE,TRUE,0,1427
20,FALSE,TRUE,0,1797
20,FALSE,TRUE,0,2892
20,FALSE,TRUE,0,2770
20,FALSE,TRUE,0,1823
20,FALSE,TRUE,0,1814
20,FALSE,TRUE,1,562
20,FALSE,TRUE,1,1735
20,TRUE,TRUE,1,3298
20,TRUE,TRUE,1,2050
20,TRUE,TRUE,1,2126
20,TRUE,TRUE,0,1851
20,TRUE,TRUE,0,1808
20,TRUE,TRUE,1,1754
20,TRUE,TRUE,0,3706
20,TRUE,TRUE,0,1303
20,TRUE,TRUE,0,14205
20,TRUE,TRUE,1,3317
20,TRUE,TRUE,1,1820
20,TRUE,TRUE,1,3123
20,TRUE,TRUE,1,1486
20,TRUE,TRUE,1,4758
20,TRUE,TRUE,0,1779
22,FALSE,TRUE,0,3249
22,FALSE,TRUE,1,5343
22,FALSE,TRUE,1,3528
22,FALSE,TRUE,0,5148
22,FALSE,TRUE,0,3199
22,FALSE,TRUE,1,5438
22,FALSE,TRUE,1,2521
22,FALSE,TRUE,0,10219
22,FALSE,TRUE,1,4767
22,FALSE,TRUE,1,3664
22,FALSE,TRUE,0,6049
22,FALSE,TRUE,0,5249
22,FALSE,TRUE,0,5240
22,FALSE,TRUE,1,3375
22,FALSE,TRUE,0,2565
22,TRUE,TRUE,1,4792
22,TRUE,TRUE,0,2175
22,TRUE,TRUE,0,6410
22,TRUE,TRUE,1,3065
22,TRUE,TRUE,0,2430
22,TRUE,TRUE,0,4017
22,TRUE,TRUE,0,3585
22,TRUE,TRUE,0,3900
22,TRUE,TRUE,1,5566
22,TRUE,TRUE,0,2647
22,TRUE,TRUE,0,4028
22,TRUE,TRUE,0,6130
22,TRUE,TRUE,0,2234
22,TRUE,TRUE,0,5292
22,TRUE,TRUE,1,3789
22,FALSE,FALSE,1,4098
22,FALSE,FALSE,0,3492
22,FALSE,FALSE,0,57
22,FALSE,FALSE,0,2904
22,FALSE,FALSE,0,2815
22,FALSE,FALSE,1,4113
22,FALSE,FALSE,0,10071
22,FALSE,FALSE,0,4321
22,FALSE,FALSE,0,5989
22,FALSE,FALSE,0,3745
22,FALSE,FALSE,0,5646
22,FALSE,FALSE,0,2329
22,FALSE,FALSE,0,4794
22,FALSE,FALSE,0,9326
22,FALSE,FALSE,0,3433
22,TRUE,FALSE,0,2412
22,TRUE,FALSE,1,2026
22,TRUE,FALSE,0,2549
22,TRUE,FALSE,1,5984
22,TRUE,FALSE,0,5793
22,TRUE,FALSE,0,8672
22,TRUE,FALSE,0,5546
22,TRUE,FALSE,1,42
22,TRUE,FALSE,1,9849
22,TRUE,FALSE,0,4999
22,TRUE,FALSE,1,2875
22,TRUE,FALSE,0,15375
22,TRUE,FALSE,0,3022
22,TRUE,FALSE,1,4234
22,TRUE,FALSE,1,3626
23,FALSE,FALSE,0,3324
23,FALSE,FALSE,0,2257
23,FALSE,FALSE,0,18685
23,FALSE,FALSE,1,3708
23,FALSE,FALSE,1,3466
23,FALSE,FALSE,0,2450
23,FALSE,FALSE,1,4107
23,FALSE,FALSE,1,3950
23,FALSE,FALSE,0,2374
23,FALSE,FALSE,0,3224
23,FALSE,FALSE,0,2997
23,FALSE,FALSE,1,4246
23,FALSE,FALSE,0,4911
23,FALSE,FALSE,1,4650
23,FALSE,FALSE,1,3041
23,TRUE,FALSE,0,2259
23,TRUE,FALSE,1,6474
23,TRUE,FALSE,0,5249
23,TRUE,FALSE,0,3231
23,TRUE,FALSE,1,5442
23,TRUE,FALSE,0,3563
23,TRUE,FALSE,1,6933
23,TRUE,FALSE,0,2082
23,TRUE,FALSE,1,2424
23,TRUE,FALSE,0,2122
23,TRUE,FALSE,1,5941
23,TRUE,FALSE,1,5724
23,TRUE,FALSE,0,7211
23,TRUE,FALSE,0,2674
23,TRUE,FALSE,0,2759
23,FALSE,TRUE,1,2381
23,FALSE,TRUE,1,5057
23,FALSE,TRUE,1,1642
23,FALSE,TRUE,0,1945
23,FALSE,TRUE,1,2597
23,FALSE,TRUE,1,2443
23,FALSE,TRUE,1,2401
23,FALSE,TRUE,0,2999
23,FALSE,TRUE,0,5523
23,FALSE,TRUE,0,2217
23,FALSE,TRUE,1,3368
23,FALSE,TRUE,1,4433
23,FALSE,TRUE,0,2296
23,FALSE,TRUE,1,1590
23,FALSE,TRUE,1,2526
23,TRUE,TRUE,0,4592
23,TRUE,TRUE,0,2716
23,TRUE,TRUE,1,2182
23,TRUE,TRUE,1,2468
23,TRUE,TRUE,1,3099
23,TRUE,TRUE,0,1807
23,TRUE,TRUE,0,2223
23,TRUE,TRUE,0,1592
23,TRUE,TRUE,1,2156
23,TRUE,TRUE,1,2891
23,TRUE,TRUE,0,2198
23,TRUE,TRUE,1,4331
23,TRUE,TRUE,1,2017
23,TRUE,TRUE,0,1414
23,TRUE,TRUE,0,2723
24,FALSE,FALSE,1,1200
24,FALSE,FALSE,0,1501
24,FALSE,FALSE,0,1470
24,FALSE,FALSE,0,2013
24,FALSE,FALSE,1,2238
24,FALSE,FALSE,0,2040
24,FALSE,FALSE,0,1072
24,FALSE,FALSE,1,1774
24,FALSE,FALSE,0,3759
24,FALSE,FALSE,1,994
24,FALSE,FALSE,0,27178
24,FALSE,FALSE,1,1240
24,FALSE,FALSE,1,1168
24,FALSE,FALSE,0,1498
24,FALSE,FALSE,1,1032
24,TRUE,FALSE,0,2040
24,TRUE,FALSE,1,1643
24,TRUE,FALSE,0,1815
24,TRUE,FALSE,1,1232
24,TRUE,FALSE,1,1780
24,TRUE,FALSE,1,989
24,TRUE,FALSE,1,1698
24,TRUE,FALSE,0,1203
24,TRUE,FALSE,0,1790
24,TRUE,FALSE,0,1657
24,TRUE,FALSE,1,1674
24,TRUE,FALSE,0,3998
24,TRUE,FALSE,1,1454
24,TRUE,FALSE,0,3187
24,TRUE,FALSE,0,2185
24,FALSE,TRUE,1,1850
24,FALSE,TRUE,0,1912
24,FALSE,TRUE,0,2102
24,FALSE,TRUE,1,1168
24,FALSE,TRUE,1,1024
24,FALSE,TRUE,0,1307
24,FALSE,TRUE,1,1421
24,FALSE,TRUE,1,1077
24,FALSE,TRUE,1,908
24,FALSE,TRUE,1,1106
24,FALSE,TRUE,0,1663
24,FALSE,TRUE,1,1710
24,FALSE,TRUE,1,1746
24,FALSE,TRUE,1,1050
24,FALSE,TRUE,1,2260
24,TRUE,TRUE,1,1516
24,TRUE,TRUE,1,1010
24,TRUE,TRUE,1,2149
24,TRUE,TRUE,0,1505
24,TRUE,TRUE,1,1960
24,TRUE,TRUE,0,2261
24,TRUE,TRUE,1,1487
24,TRUE,TRUE,1,1317
24,TRUE,TRUE,1,1432
24,TRUE,TRUE,1,1361
24,TRUE,TRUE,1,1580
24,TRUE,TRUE,1,1380
24,TRUE,TRUE,1,2309
24,TRUE,TRUE,1,1279
24,TRUE,TRUE,1,1042
32,FALSE,FALSE,0,4916
32,FALSE,FALSE,0,3807
32,FALSE,FALSE,1,4863
32,FALSE,FALSE,0,4667
32,FALSE,FALSE,1,10252
32,FALSE,FALSE,0,6291
32,FALSE,FALSE,1,5337
32,FALSE,FALSE,1,4698
32,FALSE,FALSE,1,3767
32,FALSE,FALSE,0,2983
32,FALSE,FALSE,0,9259
32,FALSE,FALSE,0,7297
32,FALSE,FALSE,1,6917
32,FALSE,FALSE,1,6568
32,FALSE,FALSE,0,7753
32,TRUE,FALSE,0,4592
32,TRUE,FALSE,1,5442
32,TRUE,FALSE,1,8166
32,TRUE,FALSE,0,5909
32,TRUE,FALSE,1,7675
32,TRUE,FALSE,1,9952
32,TRUE,FALSE,1,6650
32,TRUE,FALSE,1,3274
32,TRUE,FALSE,0,5067
32,TRUE,FALSE,0,4751
32,TRUE,FALSE,0,6383
32,TRUE,FALSE,1,12142
32,TRUE,FALSE,1,6390
32,TRUE,FALSE,0,12510
32,TRUE,FALSE,0,5983
32,FALSE,TRUE,0,4285
32,FALSE,TRUE,0,4541
32,FALSE,TRUE,1,2697
32,FALSE,TRUE,1,4368
32,FALSE,TRUE,0,4207
32,FALSE,TRUE,0,5302
32,FALSE,TRUE,0,9433
32,FALSE,TRUE,1,5483
32,FALSE,TRUE,1,4829
32,FALSE,TRUE,1,5250
32,FALSE,TRUE,1,3917
32,FALSE,TRUE,1,5060
32,FALSE,TRUE,1,8776
32,FALSE,TRUE,0,6574
32,FALSE,TRUE,1,3668
32,TRUE,TRUE,1,7118
32,TRUE,TRUE,1,4194
32,TRUE,TRUE,1,4316
32,TRUE,TRUE,1,4673
32,TRUE,TRUE,1,11050
32,TRUE,TRUE,1,4192
32,TRUE,TRUE,0,11059
32,TRUE,TRUE,1,4135
32,TRUE,TRUE,0,9891
32,TRUE,TRUE,1,5575
32,TRUE,TRUE,1,6056
32,TRUE,TRUE,0,7757
32,TRUE,TRUE,0,8998
32,TRUE,TRUE,0,4463
32,TRUE,TRUE,0,2751
34,FALSE,FALSE,1,617
34,FALSE,FALSE,1,170
34,FALSE,FALSE,1,1264
34,FALSE,FALSE,1,1080
34,FALSE,FALSE,1,511
34,FALSE,FALSE,0,552
34,FALSE,FALSE,1,310
34,FALSE,FALSE,1,1678
34,FALSE,FALSE,1,14
34,FALSE,FALSE,0,736
34,FALSE,FALSE,1,333
34,FALSE,FALSE,1,325
34,FALSE,FALSE,1,450
34,FALSE,FALSE,1,56
34,FALSE,FALSE,1,649
34,TRUE,FALSE,1,174
34,TRUE,FALSE,1,1287
34,TRUE,FALSE,1,137
34,TRUE,FALSE,1,89
34,TRUE,FALSE,1,277
34,TRUE,FALSE,0,561
34,TRUE,FALSE,0,1511
34,TRUE,FALSE,1,1031
34,TRUE,FALSE,1,286
34,TRUE,FALSE,1,408
34,TRUE,FALSE,0,214
34,TRUE,FALSE,1,279
34,TRUE,FALSE,1,61
34,TRUE,FALSE,1,344
34,TRUE,FALSE,1,128
34,FALSE,TRUE,1,561
34,FALSE,TRUE,0,1583
34,FALSE,TRUE,0,2286
34,FALSE,TRUE,1,181
34,FALSE,TRUE,1,718
34,FALSE,TRUE,1,945
34,FALSE,TRUE,1,248
34,FALSE,TRUE,0,471
34,FALSE,TRUE,1,592
34,FALSE,TRUE,1,1033
34,FALSE,TRUE,1,16526
34,FALSE,TRUE,1,3283
34,FALSE,TRUE,1,168
34,FALSE,TRUE,1,1112
34,FALSE,TRUE,1,1089
34,TRUE,TRUE,1,1088
34,TRUE,TRUE,1,424
34,TRUE,TRUE,1,240
34,TRUE,TRUE,1,464
34,TRUE,TRUE,1,1128
34,TRUE,TRUE,1,440
34,TRUE,TRUE,1,184
34,TRUE,TRUE,1,377
34,TRUE,TRUE,1,681
34,TRUE,TRUE,0,1198
34,TRUE,TRUE,1,321
34,TRUE,TRUE,1,1401
34,TRUE,TRUE,0,968
34,TRUE,TRUE,1,607
34,TRUE,TRUE,1,391
37,FALSE,TRUE,1,2292
37,FALSE,TRUE,1,1838
37,FALSE,TRUE,1,3588
37,FALSE,TRUE,1,3697
37,FALSE,TRUE,1,1482
37,FALSE,TRUE,1,3086
37,FALSE,TRUE,0,2827
37,FALSE,TRUE,1,4178
37,FALSE,TRUE,0,7176
37,FALSE,TRUE,0,1840
37,FALSE,TRUE,0,3527
37,FALSE,TRUE,0,7359
37,FALSE,TRUE,0,5831
37,FALSE,TRUE,1,4648
37,FALSE,TRUE,0,3047
37,TRUE,TRUE,1,2599
37,TRUE,TRUE,0,1619
37,TRUE,TRUE,1,10696
37,TRUE,TRUE,1,3055
37,TRUE,TRUE,0,4328
37,TRUE,TRUE,0,2225
37,TRUE,TRUE,1,8534
37,TRUE,TRUE,0,3334
37,TRUE,TRUE,1,1610
37,TRUE,TRUE,0,4275
37,TRUE,TRUE,1,1851
37,TRUE,TRUE,0,5198
37,TRUE,TRUE,0,2553
37,TRUE,TRUE,0,5638
37,TRUE,TRUE,0,7583
37,FALSE,FALSE,1,2551
37,FALSE,FALSE,1,3076
37,FALSE,FALSE,0,4000
37,FALSE,FALSE,1,3995
37,FALSE,FALSE,0,3173
37,FALSE,FALSE,0,3971
37,FALSE,FALSE,1,9119
37,FALSE,FALSE,0,10842
37,FALSE,FALSE,0,2430
37,FALSE,FALSE,1,3492
37,FALSE,FALSE,0,3438
37,FALSE,FALSE,0,4481
37,FALSE,FALSE,0,6559
37,FALSE,FALSE,0,3563
37,FALSE,FALSE,1,6844
37,TRUE,FALSE,1,4277
37,TRUE,FALSE,1,6515
37,TRUE,FALSE,1,6122
37,TRUE,FALSE,1,3124
37,TRUE,FALSE,1,4384
37,TRUE,FALSE,0,6171
37,TRUE,FALSE,1,4838
37,TRUE,FALSE,1,2488
37,TRUE,FALSE,0,2622
37,TRUE,FALSE,1,2984
37,TRUE,FALSE,0,3356
37,TRUE,FALSE,0,3988
37,TRUE,FALSE,1,6769
37,TRUE,FALSE,0,2900
37,TRUE,FALSE,0,4890
38,FALSE,TRUE,1,1800
38,FALSE,TRUE,0,1810
38,FALSE,TRUE,1,2205
38,FALSE,TRUE,0,1413
38,FALSE,TRUE,0,2888
38,FALSE,TRUE,1,2711
38,FALSE,TRUE,1,3607
38,FALSE,TRUE,1,2135
38,FALSE,TRUE,1,2763
38,FALSE,TRUE,1,4883
38,FALSE,TRUE,0,2800
38,FALSE,TRUE,0,2445
38,FALSE,TRUE,0,3202
38,FALSE,TRUE,0,12217
38,FALSE,TRUE,0,7716
38,TRUE,TRUE,1,3438
38,TRUE,TRUE,1,884
38,TRUE,TRUE,0,10671
38,TRUE,TRUE,1,2670
38,TRUE,TRUE,0,2222
38,TRUE,TRUE,0,2864
38,TRUE,TRUE,0,2623
38,TRUE,TRUE,1,1394
38,TRUE,TRUE,1,2331
38,TRUE,TRUE,0,3285
38,TRUE,TRUE,1,1324
38,TRUE,TRUE,0,3336
38,TRUE,TRUE,1,10489
38,TRUE,TRUE,1,2309
38,TRUE,TRUE,1,1762
38,FALSE,FALSE,0,1411
38,FALSE,FALSE,1,1344
38,FALSE,FALSE,1,11307
38,FALSE,FALSE,0,1497
38,FALSE,FALSE,1,1863
38,FALSE,FALSE,1,2939
38,FALSE,FALSE,0,1780
38,FALSE,FALSE,0,8057
38,FALSE,FALSE,0,2351
38,FALSE,FALSE,0,1460
38,FALSE,FALSE,0,1566
38,FALSE,FALSE,1,6380
38,FALSE,FALSE,0,1568
38,FALSE,FALSE,0,6909
38,FALSE,FALSE,0,13812
38,TRUE,FALSE,0,1649
38,TRUE,FALSE,1,1793
38,TRUE,FALSE,1,4962
38,TRUE,FALSE,1,2134
38,TRUE,FALSE,0,2386
38,TRUE,FALSE,1,2366
38,TRUE,FALSE,0,1502
38,TRUE,FALSE,0,5771
38,TRUE,FALSE,0,2173
38,TRUE,FALSE,0,1374
38,TRUE,FALSE,0,2096
38,TRUE,FALSE,1,2184
38,TRUE,FALSE,0,2016
38,TRUE,FALSE,0,2525
38,TRUE,FALSE,0,1987
39,FALSE,TRUE,1,1689
39,FALSE,TRUE,1,1806
39,FALSE,TRUE,1,2008
39,FALSE,TRUE,1,1996
39,FALSE,TRUE,0,4629
39,FALSE,TRUE,1,1693
39,FALSE,TRUE,1,1638
39,FALSE,TRUE,0,8387
39,FALSE,TRUE,1,1897
39,FALSE,TRUE,1,2930
39,FALSE,TRUE,1,3639
39,FALSE,TRUE,1,2670
39,FALSE,TRUE,1,2629
39,FALSE,TRUE,1,3133
39,FALSE,TRUE,1,1691
39,TRUE,TRUE,0,4641
39,TRUE,TRUE,1,2157
39,TRUE,TRUE,1,4674
39,TRUE,TRUE,1,1660
39,TRUE,TRUE,0,1850
39,TRUE,TRUE,0,2851
39,TRUE,TRUE,1,3753
39,TRUE,TRUE,1,3888
39,TRUE,TRUE,1,1974
39,TRUE,TRUE,1,6678
39,TRUE,TRUE,1,2692
39,TRUE,TRUE,0,2110
39,TRUE,TRUE,0,2603
39,TRUE,TRUE,1,3112
39,TRUE,TRUE,1,2601
39,FALSE,FALSE,1,2502
39,FALSE,FALSE,0,3177
39,FALSE,FALSE,0,2019
39,FALSE,FALSE,0,5699
39,FALSE,FALSE,1,1622
39,FALSE,FALSE,0,2017
39,FALSE,FALSE,0,2235
39,FALSE,FALSE,1,3942
39,FALSE,FALSE,0,2864
39,FALSE,FALSE,0,2560
39,FALSE,FALSE,0,1893
39,FALSE,FALSE,0,2694
39,FALSE,FALSE,0,7431
39,FALSE,FALSE,0,2287
39,FALSE,FALSE,1,4248
39,TRUE,FALSE,1,2772
39,TRUE,FALSE,1,2436
39,TRUE,FALSE,1,3626
39,TRUE,FALSE,0,2725
39,TRUE,FALSE,1,2772
39,TRUE,FALSE,1,2875
39,TRUE,FALSE,1,3312
39,TRUE,FALSE,0,1818
39,TRUE,FALSE,0,3323
39,TRUE,FALSE,1,2694
39,TRUE,FALSE,1,2684
39,TRUE,FALSE,0,4225
39,TRUE,FALSE,0,2334
39,TRUE,FALSE,0,2312
39,TRUE,FALSE,1,2794
40,FALSE,FALSE,0,2031
40,FALSE,FALSE,1,1363
40,FALSE,FALSE,0,1617
40,FALSE,FALSE,0,864
40,FALSE,FALSE,1,1691
40,FALSE,FALSE,1,3737
40,FALSE,FALSE,1,2560
40,FALSE,FALSE,1,1369
40,FALSE,FALSE,1,1052
40,FALSE,FALSE,0,1185
40,FALSE,FALSE,0,2200
40,FALSE,FALSE,1,1553
40,FALSE,FALSE,0,3707
40,FALSE,FALSE,0,1598
40,FALSE,FALSE,0,2154
40,TRUE,FALSE,1,1455
40,TRUE,FALSE,1,2502
40,TRUE,FALSE,0,1593
40,TRUE,FALSE,1,2391
40,TRUE,FALSE,0,1769
40,TRUE,FALSE,0,1460
40,TRUE,FALSE,1,1398
40,TRUE,FALSE,0,3187
40,TRUE,FALSE,1,1886
40,TRUE,FALSE,0,2592
40,TRUE,FALSE,1,1563
40,TRUE,FALSE,0,1723
40,TRUE,FALSE,1,1047
40,TRUE,FALSE,0,1903
40,TRUE,FALSE,0,1830
40,FALSE,TRUE,1,920
40,FALSE,TRUE,0,1615
40,FALSE,TRUE,1,2891
40,FALSE,TRUE,1,1444
40,FALSE,TRUE,0,1578
40,FALSE,TRUE,1,925
40,FALSE,TRUE,0,1750
40,FALSE,TRUE,1,1190
40,FALSE,TRUE,1,2708
40,FALSE,TRUE,0,1288
40,FALSE,TRUE,0,1280
40,FALSE,TRUE,0,1459
40,FALSE,TRUE,1,1640
40,FALSE,TRUE,0,3337
40,FALSE,TRUE,0,1201
40,TRUE,TRUE,0,1521
40,TRUE,TRUE,1,1083
40,TRUE,TRUE,1,1093
40,TRUE,TRUE,1,1710
40,TRUE,TRUE,0,1565
40,TRUE,TRUE,1,1947
40,TRUE,TRUE,1,1964
40,TRUE,TRUE,0,1766
40,TRUE,TRUE,1,1314
40,TRUE,TRUE,0,1569
40,TRUE,TRUE,1,1226
40,TRUE,TRUE,0,2937
40,TRUE,TRUE,1,2706
40,TRUE,TRUE,1,1910
40,TRUE,TRUE,1,1397
43,FALSE,FALSE,0,1090
43,FALSE,FALSE,0,2005
43,FALSE,FALSE,0,1639
43,FALSE,FALSE,0,1770
43,FALSE,FALSE,1,1499
43,FALSE,FALSE,0,1471
43,FALSE,FALSE,1,1843
43,FALSE,FALSE,1,1789
43,FALSE,FALSE,0,1657
43,FALSE,FALSE,0,1382
43,FALSE,FALSE,0,2076
43,FALSE,FALSE,0,2522
43,FALSE,FALSE,0,2741
43,FALSE,FALSE,1,2158
43,FALSE,FALSE,0,3355
43,TRUE,FALSE,0,1533
43,TRUE,FALSE,1,1156
43,TRUE,FALSE,1,1791
43,TRUE,FALSE,0,1628
43,TRUE,FALSE,0,1755
43,TRUE,FALSE,0,1815
43,TRUE,FALSE,1,2224
43,TRUE,FALSE,1,1486
43,TRUE,FALSE,0,3528
43,TRUE,FALSE,0,1904
43,TRUE,FALSE,1,1730
43,TRUE,FALSE,0,1735
43,TRUE,FALSE,1,1631
43,TRUE,FALSE,0,2117
43,TRUE,FALSE,0,1987
43,FALSE,TRUE,0,1559
43,FALSE,TRUE,0,1495
43,FALSE,TRUE,1,1575
43,FALSE,TRUE,0,1894
43,FALSE,TRUE,1,1868
43,FALSE,TRUE,1,1337
43,FALSE,TRUE,1,2120
43,FALSE,TRUE,0,1362
43,FALSE,TRUE,0,2232
43,FALSE,TRUE,0,1377
43,FALSE,TRUE,0,3215
43,FALSE,TRUE,0,1706
43,FALSE,TRUE,0,1948
43,FALSE,TRUE,0,1753
43,FALSE,TRUE,1,1957
43,TRUE,TRUE,0,1241
43,TRUE,TRUE,0,1569
43,TRUE,TRUE,1,1505
43,TRUE,TRUE,0,1236
43,TRUE,TRUE,1,1499
43,TRUE,TRUE,1,14042
43,TRUE,TRUE,0,1839
43,TRUE,TRUE,1,1770
43,TRUE,TRUE,1,1457
43,TRUE,TRUE,1,3189
43,TRUE,TRUE,0,1399
43,TRUE,TRUE,1,1654
43,TRUE,TRUE,0,1746
43,TRUE,TRUE,1,3179
43,TRUE,TRUE,0,1846
44,FALSE,TRUE,0,86
44,FALSE,TRUE,0,15077
44,FALSE,TRUE,1,834
44,FALSE,TRUE,1,842
44,FALSE,TRUE,0,1491
44,FALSE,TRUE,0,7220
44,FALSE,TRUE,1,1785
44,FALSE,TRUE,1,818
44,FALSE,TRUE,0,2023
44,FALSE,TRUE,0,10855
44,FALSE,TRUE,1,661
44,FALSE,TRUE,0,3095
44,FALSE,TRUE,1,6116
44,FALSE,TRUE,0,24377
44,FALSE,TRUE,0,671
44,TRUE,TRUE,0,2219
44,TRUE,TRUE,0,17710
44,TRUE,TRUE,1,1357
44,TRUE,TRUE,1,23866
44,TRUE,TRUE,0,2583
44,TRUE,TRUE,0,2357
44,TRUE,TRUE,0,2182
44,TRUE,TRUE,0,1761
44,TRUE,TRUE,0,1470
44,TRUE,TRUE,1,14281
44,TRUE,TRUE,1,882
44,TRUE,TRUE,1,2890
44,TRUE,TRUE,0,1891
44,TRUE,TRUE,1,15199
44,TRUE,TRUE,0,1876
44,FALSE,FALSE,1,1712
44,FALSE,FALSE,0,17480
44,FALSE,FALSE,0,235
44,FALSE,FALSE,0,6556
44,FALSE,FALSE,0,1899
44,FALSE,FALSE,0,717
44,FALSE,FALSE,0,4416
44,FALSE,FALSE,0,1009
44,FALSE,FALSE,0,2853
44,FALSE,FALSE,1,1127
44,FALSE,FALSE,0,1288
44,FALSE,FALSE,0,384
44,FALSE,FALSE,1,705
44,FALSE,FALSE,0,1826
44,FALSE,FALSE,0,3748
44,TRUE,FALSE,0,3774
44,TRUE,FALSE,0,14082
44,TRUE,FALSE,1,16376
44,TRUE,FALSE,1,426
44,TRUE,FALSE,1,326
44,TRUE,FALSE,1,893
44,TRUE,FALSE,0,20991
44,TRUE,FALSE,0,1863
44,TRUE,FALSE,0,6319
44,TRUE,FALSE,1,16624
44,TRUE,FALSE,0,4618
44,TRUE,FALSE,1,2635
44,TRUE,FALSE,0,1252
44,TRUE,FALSE,0,3484
44,TRUE,FALSE,1,3928
45,FALSE,FALSE,0,2817
45,FALSE,FALSE,1,2396
45,FALSE,FALSE,0,3201
45,FALSE,FALSE,0,2968
45,FALSE,FALSE,1,44882
45,FALSE,FALSE,1,3147
45,FALSE,FALSE,1,2507
45,FALSE,FALSE,1,4286
45,FALSE,FALSE,1,2768
45,FALSE,FALSE,0,14572
45,FALSE,FALSE,0,5005
45,FALSE,FALSE,0,2766
45,FALSE,FALSE,0,3625
45,FALSE,FALSE,0,4956
45,FALSE,FALSE,0,2765
45,TRUE,FALSE,0,2866
45,TRUE,FALSE,0,3072
45,TRUE,FALSE,0,5704
45,TRUE,FALSE,1,3256
45,TRUE,FALSE,0,3595
45,TRUE,FALSE,0,2992
45,TRUE,FALSE,0,5919
45,TRUE,FALSE,1,2844
45,TRUE,FALSE,0,2417
45,TRUE,FALSE,1,2
45,TRUE,FALSE,0,1661
45,TRUE,FALSE,1,2692
45,TRUE,FALSE,1,2811
45,TRUE,FALSE,0,3513
45,TRUE,FALSE,0,3916
45,FALSE,TRUE,1,2848
45,FALSE,TRUE,1,2566
45,FALSE,TRUE,0,5484
45,FALSE,TRUE,0,5784
45,FALSE,TRUE,0,1718
45,FALSE,TRUE,1,2238
45,FALSE,TRUE,1,2968
45,FALSE,TRUE,1,2947
45,FALSE,TRUE,1,3039
45,FALSE,TRUE,0,3434
45,FALSE,TRUE,1,3077
45,FALSE,TRUE,1,2738
45,FALSE,TRUE,1,58262
45,FALSE,TRUE,0,3666
45,FALSE,TRUE,1,5572
45,TRUE,TRUE,1,3652
45,TRUE,TRUE,1,2382
45,TRUE,TRUE,1,2888
45,TRUE,TRUE,1,2455
45,TRUE,TRUE,1,2279
45,TRUE,TRUE,0,2327
45,TRUE,TRUE,0,2321
45,TRUE,TRUE,1,1889
45,TRUE,TRUE,1,3495
45,TRUE,TRUE,1,2985
45,TRUE,TRUE,0,3668
45,TRUE,TRUE,1,4277
45,TRUE,TRUE,1,4161
45,TRUE,TRUE,1,3125
45,TRUE,TRUE,1,2415
46,FALSE,FALSE,1,2138
46,FALSE,FALSE,1,1511
46,FALSE,FALSE,1,907
46,FALSE,FALSE,1,1824
46,FALSE,FALSE,0,2721
46,FALSE,FALSE,1,49543
46,FALSE,FALSE,1,1157
46,FALSE,FALSE,1,1850
46,FALSE,FALSE,1,1101
46,FALSE,FALSE,1,1414
46,FALSE,FALSE,0,2172
46,FALSE,FALSE,1,38867
46,FALSE,FALSE,1,4036
46,FALSE,FALSE,0,1772
46,FALSE,FALSE,1,3420
46,TRUE,FALSE,1,1610
46,TRUE,FALSE,1,2947
46,TRUE,FALSE,1,1435
46,TRUE,FALSE,1,1693
46,TRUE,FALSE,0,951
46,TRUE,FALSE,0,2438
46,TRUE,FALSE,1,3496
46,TRUE,FALSE,0,2193
46,TRUE,FALSE,1,1883
46,TRUE,FALSE,1,1011
46,TRUE,FALSE,1,3059
46,TRUE,FALSE,1,1989
46,TRUE,FALSE,0,951
46,TRUE,FALSE,1,2908
46,TRUE,FALSE,1,614
46,FALSE,TRUE,0,3825
46,FALSE,TRUE,1,2430
46,FALSE,TRUE,0,58612
46,FALSE,TRUE,1,1622
46,FALSE,TRUE,1,1413
46,FALSE,TRUE,0,2128
46,FALSE,TRUE,0,1331
46,FALSE,TRUE,1,45400
46,FALSE,TRUE,1,57252
46,FALSE,TRUE,1,1441
46,FALSE,TRUE,0,1111
46,FALSE,TRUE,1,1826
46,FALSE,TRUE,1,2716
46,FALSE,TRUE,1,1722
46,FALSE,TRUE,1,2234
46,TRUE,TRUE,1,1494
46,TRUE,TRUE,0,4230
46,TRUE,TRUE,1,2102
46,TRUE,TRUE,1,698
46,TRUE,TRUE,1,1921
46,TRUE,TRUE,1,1598
46,TRUE,TRUE,1,1689
46,TRUE,TRUE,1,1790
46,TRUE,TRUE,0,2046
46,TRUE,TRUE,1,1884
46,TRUE,TRUE,1,1363
46,TRUE,TRUE,1,1741
46,TRUE,TRUE,0,1214
46,TRUE,TRUE,1,1041
46,TRUE,TRUE,1,690
51,FALSE,TRUE,0,2637
51,FALSE,TRUE,0,1734
51,FALSE,TRUE,0,2113
51,FALSE,TRUE,1,1796
51,FALSE,TRUE,0,1755
51,FALSE,TRUE,0,2063
51,FALSE,TRUE,1,1563
51,FALSE,TRUE,0,2391
51,FALSE,TRUE,1,2133
51,FALSE,TRUE,1,2073
51,FALSE,TRUE,0,2088
51,FALSE,TRUE,1,2890
51,FALSE,TRUE,0,3412
51,FALSE,TRUE,1,3382
51,FALSE,TRUE,1,2200
51,TRUE,TRUE,0,2424
51,TRUE,TRUE,0,2794
51,TRUE,TRUE,0,2746
51,TRUE,TRUE,1,2058
51,TRUE,TRUE,0,2135
51,TRUE,TRUE,0,2499
51,TRUE,TRUE,0,2962
51,TRUE,TRUE,0,2655
51,TRUE,TRUE,0,1376
51,TRUE,TRUE,0,1745
51,TRUE,TRUE,1,2368
51,TRUE,TRUE,0,2803
51,TRUE,TRUE,1,2328
51,TRUE,TRUE,1,3118
51,TRUE,TRUE,1,2204
51,FALSE,FALSE,1,2388
51,FALSE,FALSE,1,2059
51,FALSE,FALSE,1,2158
51,FALSE,FALSE,1,2038
51,FALSE,FALSE,1,3401
51,FALSE,FALSE,1,2150
51,FALSE,FALSE,1,1942
51,FALSE,FALSE,1,8298
51,FALSE,FALSE,0,3184
51,FALSE,FALSE,1,2125
51,FALSE,FALSE,1,2901
51,FALSE,FALSE,1,3965
51,FALSE,FALSE,1,3020
51,FALSE,FALSE,0,2851
51,FALSE,FALSE,1,2577
51,TRUE,FALSE,0,1804
51,TRUE,FALSE,1,3613
51,TRUE,FALSE,1,2199
51,TRUE,FALSE,0,1697
51,TRUE,FALSE,1,4697
51,TRUE,FALSE,1,2719
51,TRUE,FALSE,1,2561
51,TRUE,FALSE,0,1972
51,TRUE,FALSE,0,2355
51,TRUE,FALSE,1,3127
51,TRUE,FALSE,0,2011
51,TRUE,FALSE,1,2272
51,TRUE,FALSE,1,5627
51,TRUE,FALSE,0,2795
51,TRUE,FALSE,1,1989
54,FALSE,TRUE,1,2553
54,FALSE,TRUE,0,2175
54,FALSE,TRUE,0,1067
54,FALSE,TRUE,0,2898
54,FALSE,TRUE,0,74176
54,FALSE,TRUE,1,1514
54,FALSE,TRUE,0,2570
54,FALSE,TRUE,1,3501
54,FALSE,TRUE,0,1413
54,FALSE,TRUE,0,1907
54,FALSE,TRUE,0,2959
54,FALSE,TRUE,0,3381
54,FALSE,TRUE,0,2673
54,FALSE,TRUE,0,1463
54,FALSE,TRUE,1,2077
54,TRUE,TRUE,1,1849
54,TRUE,TRUE,0,1641
54,TRUE,TRUE,0,2374
54,TRUE,TRUE,1,3105
54,TRUE,TRUE,1,3226
54,TRUE,TRUE,0,2359
54,TRUE,TRUE,1,1953
54,TRUE,TRUE,0,1764
54,TRUE,TRUE,0,2023
54,TRUE,TRUE,0,1908
54,TRUE,TRUE,1,3743
54,TRUE,TRUE,0,1955
54,TRUE,TRUE,1,1831
54,TRUE,TRUE,0,2409
54,TRUE,TRUE,0,2637
54,FALSE,FALSE,0,2246
54,FALSE,FALSE,0,2783
54,FALSE,FALSE,0,2540
54,FALSE,FALSE,0,1891
54,FALSE,FALSE,0,1865
54,FALSE,FALSE,0,1464
54,FALSE,FALSE,1,2435
54,FALSE,FALSE,0,2086
54,FALSE,FALSE,1,3382
54,FALSE,FALSE,0,1921
54,FALSE,FALSE,0,2611
54,FALSE,FALSE,1,1800
54,FALSE,FALSE,0,3727
54,FALSE,FALSE,0,1619
54,FALSE,FALSE,1,2647
54,TRUE,FALSE,0,3716
54,TRUE,FALSE,0,1911
54,TRUE,FALSE,0,7003
54,TRUE,FALSE,0,2423
54,TRUE,FALSE,0,3846
54,TRUE,FALSE,1,1731
54,TRUE,FALSE,0,1801
54,TRUE,FALSE,1,1593
54,TRUE,FALSE,0,2564
54,TRUE,FALSE,0,2635
54,TRUE,FALSE,0,2182
54,TRUE,FALSE,0,5058
54,TRUE,FALSE,1,2276
54,TRUE,FALSE,0,2293
54,TRUE,FALSE,0,2999
55,FALSE,TRUE,0,2728
55,FALSE,TRUE,0,5467
55,FALSE,TRUE,1,9332
55,FALSE,TRUE,1,2755
55,FALSE,TRUE,1,2509
55,FALSE,TRUE,0,2563
55,FALSE,TRUE,1,2494
55,FALSE,TRUE,1,2291
55,FALSE,TRUE,1,2597
55,FALSE,TRUE,1,2604
55,FALSE,TRUE,0,5559
55,FALSE,TRUE,1,2252
55,FALSE,TRUE,1,2699
55,FALSE,TRUE,1,2524
55,FALSE,TRUE,1,5282
55,TRUE,TRUE,0,4073
55,TRUE,TRUE,1,2716
55,TRUE,TRUE,1,3859
55,TRUE,TRUE,1,11439
55,TRUE,TRUE,1,2946
55,TRUE,TRUE,1,5018
55,TRUE,TRUE,0,2963
55,TRUE,TRUE,1,3357
55,TRUE,TRUE,0,2856
55,TRUE,TRUE,0,2608
55,TRUE,TRUE,0,4940
55,TRUE,TRUE,0,2775
55,TRUE,TRUE,1,2877
55,TRUE,TRUE,1,4945
55,TRUE,TRUE,0,3677
55,FALSE,FALSE,1,2876
55,FALSE,FALSE,0,3283
55,FALSE,FALSE,0,3256
55,FALSE,FALSE,1,2884
55,FALSE,FALSE,1,3127
55,FALSE,FALSE,1,4122
55,FALSE,FALSE,1,4592
55,FALSE,FALSE,1,3507
55,FALSE,FALSE,1,4728
55,FALSE,FALSE,0,3527
55,FALSE,FALSE,0,41278
55,FALSE,FALSE,0,2982
55,FALSE,FALSE,1,2555
55,FALSE,FALSE,1,2959
55,FALSE,FALSE,1,5494
55,TRUE,FALSE,1,3345
55,TRUE,FALSE,1,2581
55,TRUE,FALSE,0,3402
55,TRUE,FALSE,1,2969
55,TRUE,FALSE,1,3661
55,TRUE,FALSE,0,3000
55,TRUE,FALSE,0,4624
55,TRUE,FALSE,1,2506
55,TRUE,FALSE,1,4557
55,TRUE,FALSE,1,3246
55,TRUE,FALSE,0,2979
55,TRUE,FALSE,0,7333
55,TRUE,FALSE,0,83198
55,TRUE,FALSE,1,4761
55,TRUE,FALSE,1,4325
58,FALSE,TRUE,0,1887
58,FALSE,TRUE,1,4293
58,FALSE,TRUE,0,2161
58,FALSE,TRUE,0,1696
58,FALSE,TRUE,1,1433
58,FALSE,TRUE,0,2857
58,FALSE,TRUE,1,1033
58,FALSE,TRUE,1,979
58,FALSE,TRUE,1,1405
58,FALSE,TRUE,1,4249
58,FALSE,TRUE,1,1809
58,FALSE,TRUE,0,4681
58,FALSE,TRUE,0,6625
58,FALSE,TRUE,1,1586
58,FALSE,TRUE,0,2961
58,TRUE,TRUE,0,2945
58,TRUE,TRUE,0,2537
58,TRUE,TRUE,0,1753
58,TRUE,TRUE,1,2331
58,TRUE,TRUE,1,2373
58,TRUE,TRUE,1,992
58,TRUE,TRUE,1,1897
58,TRUE,TRUE,1,1544
58,TRUE,TRUE,0,2023
58,TRUE,TRUE,0,1319
58,TRUE,TRUE,0,1659
58,TRUE,TRUE,1,3201
58,TRUE,TRUE,1,1295
58,TRUE,TRUE,0,3250
58,TRUE,TRUE,0,1602
58,FALSE,FALSE,1,1407
58,FALSE,FALSE,0,2615
58,FALSE,FALSE,1,2160
58,FALSE,FALSE,1,2353
58,FALSE,FALSE,1,1848
58,FALSE,FALSE,1,1801
58,FALSE,FALSE,1,2441
58,FALSE,FALSE,0,1505
58,FALSE,FALSE,0,3321
58,FALSE,FALSE,0,2173
58,FALSE,FALSE,1,3185
58,FALSE,FALSE,1,1925
58,FALSE,FALSE,1,3354
58,FALSE,FALSE,0,2073
58,FALSE,FALSE,1,5803
58,TRUE,FALSE,0,1586
58,TRUE,FALSE,1,2377
58,TRUE,FALSE,1,2610
58,TRUE,FALSE,1,2489
58,TRUE,FALSE,1,2495
58,TRUE,FALSE,0,1313
58,TRUE,FALSE,0,730
58,TRUE,FALSE,0,2841
58,TRUE,FALSE,0,2793
58,TRUE,FALSE,1,3179
58,TRUE,FALSE,0,3441
58,TRUE,FALSE,1,1922
58,TRUE,FALSE,0,2122
58,TRUE,FALSE,1,4496
58,TRUE,FALSE,1,1346
59,FALSE,FALSE,1,1517
59,FALSE,FALSE,0,1376
59,FALSE,FALSE,1,3470
59,FALSE,FALSE,0,1686
59,FALSE,FALSE,0,3244
59,FALSE,FALSE,1,1370
59,FALSE,FALSE,0,4574
59,FALSE,FALSE,1,2105
59,FALSE,FALSE,0,1216
59,FALSE,FALSE,0,1363
59,FALSE,FALSE,0,1540
59,FALSE,FALSE,0,7495
59,FALSE,FALSE,0,2487
59,FALSE,FALSE,1,1969
59,FALSE,FALSE,0,3448
59,TRUE,FALSE,0,2005
59,TRUE,FALSE,1,3901
59,TRUE,FALSE,1,2401
59,TRUE,FALSE,1,4603
59,TRUE,FALSE,0,3009
59,TRUE,FALSE,1,1642
59,TRUE,FALSE,0,2175
59,TRUE,FALSE,1,1543
59,TRUE,FALSE,0,1558
59,TRUE,FALSE,1,1737
59,TRUE,FALSE,0,1440
59,TRUE,FALSE,0,1785
59,TRUE,FALSE,0,2604
59,TRUE,FALSE,0,3461
59,TRUE,FALSE,0,2728
59,FALSE,TRUE,1,2020
59,FALSE,TRUE,1,1681
59,FALSE,TRUE,0,1164
59,FALSE,TRUE,0,2687
59,FALSE,TRUE,0,2341
59,FALSE,TRUE,0,1119
59,FALSE,TRUE,1,2702
59,FALSE,TRUE,1,2047
59,FALSE,TRUE,0,1419
59,FALSE,TRUE,1,1611
59,FALSE,TRUE,0,1794
59,FALSE,TRUE,0,2199
59,FALSE,TRUE,0,2677
59,FALSE,TRUE,1,1216
59,FALSE,TRUE,1,1444
59,TRUE,TRUE,0,2024
59,TRUE,TRUE,0,1513
59,TRUE,TRUE,1,1982
59,TRUE,TRUE,0,2469
59,TRUE,TRUE,0,3638
59,TRUE,TRUE,0,1244
59,TRUE,TRUE,0,1837
59,TRUE,TRUE,0,3065
59,TRUE,TRUE,0,1566
59,TRUE,TRUE,1,1584
59,TRUE,TRUE,1,1766
59,TRUE,TRUE,1,1708
59,TRUE,TRUE,1,1506
59,TRUE,TRUE,0,1356
59,TRUE,TRUE,0,1313
60,FALSE,TRUE,1,1599
60,FALSE,TRUE,1,2124
60,FALSE,TRUE,1,3713
60,FALSE,TRUE,0,2298
60,FALSE,TRUE,1,3832
60,FALSE,TRUE,0,2264
60,FALSE,TRUE,1,1422
60,FALSE,TRUE,0,3913
60,FALSE,TRUE,0,1515
60,FALSE,TRUE,1,2001
60,FALSE,TRUE,1,2288
60,FALSE,TRUE,0,4065
60,FALSE,TRUE,1,3349
60,FALSE,TRUE,0,2573
60,FALSE,TRUE,0,2625
60,TRUE,TRUE,1,2351
60,TRUE,TRUE,1,1739
60,TRUE,TRUE,1,4801
60,TRUE,TRUE,1,1068
60,TRUE,TRUE,1,1449
60,TRUE,TRUE,1,1890
60,TRUE,TRUE,1,1786
60,TRUE,TRUE,1,1492
60,TRUE,TRUE,1,2952
60,TRUE,TRUE,1,1298
60,TRUE,TRUE,0,1369
60,TRUE,TRUE,0,2000
60,TRUE,TRUE,0,2209
60,TRUE,TRUE,1,3102
60,TRUE,TRUE,0,2306
60,FALSE,FALSE,1,2122
60,FALSE,FALSE,0,2053
60,FALSE,FALSE,0,2594
60,FALSE,FALSE,0,4186
60,FALSE,FALSE,0,2050
60,FALSE,FALSE,1,1391
60,FALSE,FALSE,1,2122
60,FALSE,FALSE,0,2424
60,FALSE,FALSE,1,2518
60,FALSE,FALSE,0,2409
60,FALSE,FALSE,0,2376
60,FALSE,FALSE,1,2329
60,FALSE,FALSE,0,2666
60,FALSE,FALSE,1,1289
60,FALSE,FALSE,1,1697
60,TRUE,FALSE,1,3256
60,TRUE,FALSE,1,2801
60,TRUE,FALSE,1,2290
60,TRUE,FALSE,1,4497
60,TRUE,FALSE,0,4736
60,TRUE,FALSE,0,1545
60,TRUE,FALSE,0,2401
60,TRUE,FALSE,0,2528
60,TRUE,FALSE,0,2210
60,TRUE,FALSE,1,1859
60,TRUE,FALSE,1,3098
60,TRUE,FALSE,1,2715
60,TRUE,FALSE,1,2062
60,TRUE,FALSE,0,2602
60,TRUE,FALSE,0,1761
61,FALSE,TRUE,1,1998
61,FALSE,TRUE,0,2595
61,FALSE,TRUE,0,4396
61,FALSE,TRUE,0,3064
61,FALSE,TRUE,1,4396
61,FALSE,TRUE,0,3370
61,FALSE,TRUE,0,5836
61,FALSE,TRUE,0,3070
61,FALSE,TRUE,1,3172
61,FALSE,TRUE,0,5162
61,FALSE,TRUE,1,4689
61,FALSE,TRUE,1,3594
61,FALSE,TRUE,0,10757
61,FALSE,TRUE,0,6725
61,FALSE,TRUE,1,1899
61,TRUE,TRUE,1,3159
61,TRUE,TRUE,0,2170
61,TRUE,TRUE,0,4037
61,TRUE,TRUE,1,5143
61,TRUE,TRUE,1,3378
61,TRUE,TRUE,0,3456
61,TRUE,TRUE,1,5074
61,TRUE,TRUE,1,3219
61,TRUE,TRUE,1,9817
61,TRUE,TRUE,1,1770
61,TRUE,TRUE,1,3619
61,TRUE,TRUE,1,1536
61,TRUE,TRUE,1,1752
61,TRUE,TRUE,0,3510
61,TRUE,TRUE,0,2356
61,FALSE,FALSE,1,3059
61,FALSE,FALSE,1,6686
61,FALSE,FALSE,1,7367
61,FALSE,FALSE,0,2556
61,FALSE,FALSE,0,3328
61,FALSE,FALSE,0,3843
61,FALSE,FALSE,1,11167
61,FALSE,FALSE,0,4510
61,FALSE,FALSE,0,6801
61,FALSE,FALSE,0,6433
61,FALSE,FALSE,0,8902
61,FALSE,FALSE,1,2152
61,FALSE,FALSE,0,7876
61,FALSE,FALSE,1,5400
61,FALSE,FALSE,0,6797
61,TRUE,FALSE,0,3353
61,TRUE,FALSE,1,3792
61,TRUE,FALSE,0,5297
61,TRUE,FALSE,0,5893
61,TRUE,FALSE,0,5173
61,TRUE,FALSE,1,3076
61,TRUE,FALSE,0,6805
61,TRUE,FALSE,0,2848
61,TRUE,FALSE,1,6609
61,TRUE,FALSE,0,6070
61,TRUE,FALSE,1,4477
61,TRUE,FALSE,1,7862
61,TRUE,FALSE,1,7638
61,TRUE,FALSE,1,3670
61,TRUE,FALSE,0,4365
65,FALSE,FALSE,0,3379
65,FALSE,FALSE,0,3546
65,FALSE,FALSE,0,3654
65,FALSE,FALSE,0,4442
65,FALSE,FALSE,0,2282
65,FALSE,FALSE,1,2549
65,FALSE,FALSE,1,5823
65,FALSE,FALSE,1,5765
65,FALSE,FALSE,0,6404
65,FALSE,FALSE,1,2340
65,FALSE,FALSE,0,4875
65,FALSE,FALSE,0,7103
65,FALSE,FALSE,1,11215
65,FALSE,FALSE,0,2274
65,FALSE,FALSE,1,7701
65,TRUE,FALSE,1,9146
65,TRUE,FALSE,1,4669
65,TRUE,FALSE,1,6031
65,TRUE,FALSE,1,14539
65,TRUE,FALSE,0,4917
65,TRUE,FALSE,1,36233
65,TRUE,FALSE,0,3611
65,TRUE,FALSE,0,4544
65,TRUE,FALSE,1,4833
65,TRUE,FALSE,0,3405
65,TRUE,FALSE,1,2974
65,TRUE,FALSE,1,4576
65,TRUE,FALSE,0,3005
65,TRUE,FALSE,0,3945
65,TRUE,FALSE,0,7883
65,FALSE,TRUE,1,5678
65,FALSE,TRUE,0,2706
65,FALSE,TRUE,0,3344
65,FALSE,TRUE,0,2974
65,FALSE,TRUE,0,1944
65,FALSE,TRUE,1,3489
65,FALSE,TRUE,0,7683
65,FALSE,TRUE,1,8408
65,FALSE,TRUE,0,9535
65,FALSE,TRUE,1,4818
65,FALSE,TRUE,0,2795
65,FALSE,TRUE,1,3329
65,FALSE,TRUE,1,5016
65,FALSE,TRUE,0,2799
65,FALSE,TRUE,0,5731
65,TRUE,TRUE,0,3272
65,TRUE,TRUE,1,4064
65,TRUE,TRUE,1,4095
65,TRUE,TRUE,1,17065
65,TRUE,TRUE,1,3479
65,TRUE,TRUE,1,2806
65,TRUE,TRUE,0,6089
65,TRUE,TRUE,1,2539
65,TRUE,TRUE,0,2930
65,TRUE,TRUE,0,6529
65,TRUE,TRUE,1,1933
65,TRUE,TRUE,1,3920
65,TRUE,TRUE,1,4118
65,TRUE,TRUE,0,4441
65,TRUE,TRUE,1,3597
66,FALSE,FALSE,0,2145
66,FALSE,FALSE,0,2416
66,FALSE,FALSE,1,2252
66,FALSE,FALSE,0,2164
66,FALSE,FALSE,1,1820
66,FALSE,FALSE,1,5274
66,FALSE,FALSE,0,1712
66,FALSE,FALSE,0,4148
66,FALSE,FALSE,1,3227
66,FALSE,FALSE,1,1664
66,FALSE,FALSE,0,2791
66,FALSE,FALSE,1,4526
66,FALSE,FALSE,0,3396
66,FALSE,FALSE,1,4511
66,FALSE,FALSE,0,2341
66,TRUE,FALSE,1,2389
66,TRUE,FALSE,0,2107
66,TRUE,FALSE,1,3426
66,TRUE,FALSE,1,2509
66,TRUE,FALSE,1,4259
66,TRUE,FALSE,1,3917
66,TRUE,FALSE,1,1990
66,TRUE,FALSE,0,2277
66,TRUE,FALSE,0,1148
66,TRUE,FALSE,0,2291
66,TRUE,FALSE,1,3104
66,TRUE,FALSE,1,2431
66,TRUE,FALSE,1,4409
66,TRUE,FALSE,1,1981
66,TRUE,FALSE,1,2656
66,FALSE,TRUE,0,1957
66,FALSE,TRUE,0,2248
66,FALSE,TRUE,1,3157
66,FALSE,TRUE,1,2671
66,FALSE,TRUE,1,1834
66,FALSE,TRUE,1,2485
66,FALSE,TRUE,0,3451
66,FALSE,TRUE,1,2498
66,FALSE,TRUE,1,3260
66,FALSE,TRUE,0,3183
66,FALSE,TRUE,1,3060
66,FALSE,TRUE,1,3114
66,FALSE,TRUE,1,2151
66,FALSE,TRUE,0,2868
66,FALSE,TRUE,1,2859
66,TRUE,TRUE,1,2200
66,TRUE,TRUE,1,1792
66,TRUE,TRUE,1,1566
66,TRUE,TRUE,1,3853
66,TRUE,TRUE,1,2254
66,TRUE,TRUE,1,3155
66,TRUE,TRUE,0,3245
66,TRUE,TRUE,1,2229
66,TRUE,TRUE,0,2355
66,TRUE,TRUE,1,2678
66,TRUE,TRUE,1,2121
66,TRUE,TRUE,1,3038
66,TRUE,TRUE,1,2797
66,TRUE,TRUE,1,1912
66,TRUE,TRUE,1,1998
67,FALSE,TRUE,1,1538
67,FALSE,TRUE,1,1350
67,FALSE,TRUE,1,1900
67,FALSE,TRUE,1,1222
67,FALSE,TRUE,1,1301
67,FALSE,TRUE,1,2292
67,FALSE,TRUE,1,1170
67,FALSE,TRUE,1,2012
67,FALSE,TRUE,0,2719
67,FALSE,TRUE,1,1359
67,FALSE,TRUE,1,2414
67,FALSE,TRUE,1,2139
67,FALSE,TRUE,1,3421
67,FALSE,TRUE,1,1653
67,FALSE,TRUE,1,2871
67,TRUE,TRUE,1,1561
67,TRUE,TRUE,1,1828
67,TRUE,TRUE,1,2843
67,TRUE,TRUE,1,2895
67,TRUE,TRUE,1,3017
67,TRUE,TRUE,1,2761
67,TRUE,TRUE,1,2079
67,TRUE,TRUE,1,1810
67,TRUE,TRUE,1,1354
67,TRUE,TRUE,0,2630
67,TRUE,TRUE,1,1812
67,TRUE,TRUE,1,2303
67,TRUE,TRUE,1,3373
67,TRUE,TRUE,1,2034
67,TRUE,TRUE,1,2055
67,FALSE,FALSE,1,2077
67,FALSE,FALSE,1,1931
67,FALSE,FALSE,1,1581
67,FALSE,FALSE,0,3432
67,FALSE,FALSE,1,1664
67,FALSE,FALSE,0,2742
67,FALSE,FALSE,0,2218
67,FALSE,FALSE,1,2468
67,FALSE,FALSE,1,1772
67,FALSE,FALSE,1,1698
67,FALSE,FALSE,1,3058
67,FALSE,FALSE,1,2484
67,FALSE,FALSE,1,8129
67,FALSE,FALSE,1,1374
67,FALSE,FALSE,1,1432
67,TRUE,FALSE,1,2451
67,TRUE,FALSE,1,1399
67,TRUE,FALSE,1,2152
67,TRUE,FALSE,1,2690
67,TRUE,FALSE,0,7772
67,TRUE,FALSE,1,2094
67,TRUE,FALSE,1,3338
67,TRUE,FALSE,1,1647
67,TRUE,FALSE,1,6117
67,TRUE,FALSE,1,3028
67,TRUE,FALSE,1,1465
67,TRUE,FALSE,1,2591
67,TRUE,FALSE,1,1687
67,TRUE,FALSE,1,1762
67,TRUE,FALSE,1,1188
68,FALSE,TRUE,1,1984
68,FALSE,TRUE,0,1768
68,FALSE,TRUE,0,2735
68,FALSE,TRUE,0,2342
68,FALSE,TRUE,0,1785
68,FALSE,TRUE,0,2251
68,FALSE,TRUE,0,2840
68,FALSE,TRUE,0,1728
68,FALSE,TRUE,1,2441
68,FALSE,TRUE,0,15247
68,FALSE,TRUE,1,1870
68,FALSE,TRUE,0,2194
68,FALSE,TRUE,0,2907
68,FALSE,TRUE,1,1271
68,FALSE,TRUE,0,1537
68,TRUE,TRUE,1,2058
68,TRUE,TRUE,0,1670
68,TRUE,TRUE,0,2689
68,TRUE,TRUE,1,3163
68,TRUE,TRUE,0,2010
68,TRUE,TRUE,0,1969
68,TRUE,TRUE,0,3450
68,TRUE,TRUE,0,1884
68,TRUE,TRUE,1,3079
68,TRUE,TRUE,1,2592
68,TRUE,TRUE,0,1735
68,TRUE,TRUE,0,2156
68,TRUE,TRUE,1,3607
68,TRUE,TRUE,1,2625
68,TRUE,TRUE,1,3203
68,FALSE,FALSE,1,2474
68,FALSE,FALSE,1,3787
68,FALSE,FALSE,1,3580
68,FALSE,FALSE,0,2576
68,FALSE,FALSE,0,1727
68,FALSE,FALSE,1,3464
68,FALSE,FALSE,1,1945
68,FALSE,FALSE,1,2234
68,FALSE,FALSE,1,2780
68,FALSE,FALSE,0,2010
68,FALSE,FALSE,0,3132
68,FALSE,FALSE,0,2459
68,FALSE,FALSE,1,1771
68,FALSE,FALSE,0,1902
68,FALSE,FALSE,1,1794
68,TRUE,FALSE,0,2287
68,TRUE,FALSE,1,1584
68,TRUE,FALSE,1,1596
68,TRUE,FALSE,1,2077
68,TRUE,FALSE,1,2543
68,TRUE,FALSE,1,1779
68,TRUE,FALSE,0,8227
68,TRUE,FALSE,0,1568
68,TRUE,FALSE,0,2002
68,TRUE,FALSE,0,2590
68,TRUE,FALSE,0,3265
68,TRUE,FALSE,0,1687
68,TRUE,FALSE,0,1670
68,TRUE,FALSE,0,2048
68,TRUE,FALSE,1,1584
71,FALSE,FALSE,0,1824
71,FALSE,FALSE,1,1577
71,FALSE,FALSE,1,2174
71,FALSE,FALSE,0,1626
71,FALSE,FALSE,1,1825
71,FALSE,FALSE,1,5867
71,FALSE,FALSE,1,1570
71,FALSE,FALSE,1,2424
71,FALSE,FALSE,0,1664
71,FALSE,FALSE,0,1983
71,FALSE,FALSE,1,1700
71,FALSE,FALSE,1,3496
71,FALSE,FALSE,1,2664
71,FALSE,FALSE,0,1873
71,FALSE,FALSE,0,2185
71,TRUE,FALSE,1,2067
71,TRUE,FALSE,1,1707
71,TRUE,FALSE,1,3376
71,TRUE,FALSE,1,1770
71,TRUE,FALSE,0,2577
71,TRUE,FALSE,0,2241
71,TRUE,FALSE,0,2234
71,TRUE,FALSE,0,1688
71,TRUE,FALSE,1,1487
71,TRUE,FALSE,0,6078
71,TRUE,FALSE,0,2323
71,TRUE,FALSE,1,1338
71,TRUE,FALSE,0,1288
71,TRUE,FALSE,0,1663
71,TRUE,FALSE,0,4211
71,FALSE,TRUE,1,2033
71,FALSE,TRUE,1,3297
71,FALSE,TRUE,1,1776
71,FALSE,TRUE,1,1571
71,FALSE,TRUE,0,1825
71,FALSE,TRUE,1,1478
71,FALSE,TRUE,1,1223
71,FALSE,TRUE,1,1816
71,FALSE,TRUE,1,4451
71,FALSE,TRUE,1,1561
71,FALSE,TRUE,0,1625
71,FALSE,TRUE,1,1487
71,FALSE,TRUE,1,3078
71,FALSE,TRUE,0,1617
71,FALSE,TRUE,1,2136
71,TRUE,TRUE,0,2147
71,TRUE,TRUE,1,2567
71,TRUE,TRUE,1,1305
71,TRUE,TRUE,1,1193
71,TRUE,TRUE,1,1795
71,TRUE,TRUE,0,2556
71,TRUE,TRUE,0,2241
71,TRUE,TRUE,1,1723
71,TRUE,TRUE,0,2078
71,TRUE,TRUE,1,1281
71,TRUE,TRUE,0,2343
71,TRUE,TRUE,0,1266
71,TRUE,TRUE,1,1881
71,TRUE,TRUE,0,9654
71,TRUE,TRUE,1,1675
74,FALSE,TRUE,1,1679
74,FALSE,TRUE,1,2040
74,FALSE,TRUE,1,2102
74,FALSE,TRUE,1,2032
74,FALSE,TRUE,0,13416
74,FALSE,TRUE,0,1603
74,FALSE,TRUE,1,2631
74,FALSE,TRUE,1,3123
74,FALSE,TRUE,0,1324
74,FALSE,TRUE,0,1881
74,FALSE,TRUE,1,1631
74,FALSE,TRUE,1,1789
74,FALSE,TRUE,1,2576
74,FALSE,TRUE,0,4939
74,FALSE,TRUE,1,2017
74,TRUE,TRUE,1,2340
74,TRUE,TRUE,0,2156
74,TRUE,TRUE,1,2082
74,TRUE,TRUE,0,1774
74,TRUE,TRUE,0,2141
74,TRUE,TRUE,1,4841
74,TRUE,TRUE,1,2023
74,TRUE,TRUE,1,1821
74,TRUE,TRUE,1,1630
74,TRUE,TRUE,1,3939
74,TRUE,TRUE,0,2430
74,TRUE,TRUE,0,2148
74,TRUE,TRUE,1,2331
74,TRUE,TRUE,0,3288
74,TRUE,TRUE,1,1873
74,FALSE,FALSE,1,4823
74,FALSE,FALSE,0,3188
74,FALSE,FALSE,0,1856
74,FALSE,FALSE,0,4065
74,FALSE,FALSE,1,1746
74,FALSE,FALSE,0,2359
74,FALSE,FALSE,1,2315
74,FALSE,FALSE,0,3238
74,FALSE,FALSE,1,3763
74,FALSE,FALSE,1,1723
74,FALSE,FALSE,0,1321
74,FALSE,FALSE,0,2223
74,FALSE,FALSE,1,2213
74,FALSE,FALSE,0,1507
74,FALSE,FALSE,1,3332
74,TRUE,FALSE,1,2749
74,TRUE,FALSE,0,2466
74,TRUE,FALSE,1,2358
74,TRUE,FALSE,0,1782
74,TRUE,FALSE,0,3633
74,TRUE,FALSE,0,1481
74,TRUE,FALSE,0,1931
74,TRUE,FALSE,0,3097
74,TRUE,FALSE,0,1248
74,TRUE,FALSE,0,1898
74,TRUE,FALSE,1,3100
74,TRUE,FALSE,1,5289
74,TRUE,FALSE,1,3588
74,TRUE,FALSE,0,1757
74,TRUE,FALSE,1,2803
76,FALSE,FALSE,0,5517
76,FALSE,FALSE,1,2630
76,FALSE,FALSE,1,2232
76,FALSE,FALSE,1,2599
76,FALSE,FALSE,0,3782
76,FALSE,FALSE,1,3731
76,FALSE,FALSE,0,9013
76,FALSE,FALSE,1,3162
76,FALSE,FALSE,0,2588
76,FALSE,FALSE,0,6739
76,FALSE,FALSE,1,5791
76,FALSE,FALSE,1,3808
76,FALSE,FALSE,0,2596
76,FALSE,FALSE,1,10799
76,FALSE,FALSE,1,14752
76,TRUE,FALSE,0,4052
76,TRUE,FALSE,1,2249
76,TRUE,FALSE,1,2817
76,TRUE,FALSE,0,6639
76,TRUE,FALSE,1,2517
76,TRUE,FALSE,1,2367
76,TRUE,FALSE,0,6814
76,TRUE,FALSE,1,3914
76,TRUE,FALSE,0,4992
76,TRUE,FALSE,0,6359
76,TRUE,FALSE,0,5588
76,TRUE,FALSE,0,5911
76,TRUE,FALSE,0,9281
76,TRUE,FALSE,1,7018
76,TRUE,FALSE,1,4540
76,FALSE,TRUE,1,2442
76,FALSE,TRUE,0,3831
76,FALSE,TRUE,1,3596
76,FALSE,TRUE,0,4129
76,FALSE,TRUE,0,5057
76,FALSE,TRUE,1,2780
76,FALSE,TRUE,1,4662
76,FALSE,TRUE,1,2931
76,FALSE,TRUE,1,3042
76,FALSE,TRUE,1,8604
76,FALSE,TRUE,1,5610
76,FALSE,TRUE,1,3657
76,FALSE,TRUE,1,15
76,FALSE,TRUE,0,2121
76,FALSE,TRUE,0,3319
76,TRUE,TRUE,0,3806
76,TRUE,TRUE,1,1113
76,TRUE,TRUE,0,5384
76,TRUE,TRUE,0,6738
76,TRUE,TRUE,1,3913
76,TRUE,TRUE,1,3157
76,TRUE,TRUE,0,2589
76,TRUE,TRUE,1,5912
76,TRUE,TRUE,1,5279
76,TRUE,TRUE,1,5582
76,TRUE,TRUE,1,3078
76,TRUE,TRUE,1,4406
76,TRUE,TRUE,1,2863
76,TRUE,TRUE,1,4999
76,TRUE,TRUE,0,3381
77,FALSE,FALSE,1,1016
77,FALSE,FALSE,1,694
77,FALSE,FALSE,1,954
77,FALSE,FALSE,1,2239
77,FALSE,FALSE,0,6131
77,FALSE,FALSE,0,985
77,FALSE,FALSE,1,2163
77,FALSE,FALSE,1,1904
77,FALSE,FALSE,0,736
77,FALSE,FALSE,1,1140
77,FALSE,FALSE,0,2757
77,FALSE,FALSE,0,4188
77,FALSE,FALSE,1,1663
77,FALSE,FALSE,1,2523
77,FALSE,FALSE,1,636
77,TRUE,FALSE,1,865
77,TRUE,FALSE,0,906
77,TRUE,FALSE,1,10728
77,TRUE,FALSE,1,605
77,TRUE,FALSE,0,1306
77,TRUE,FALSE,0,598
77,TRUE,FALSE,0,804
77,TRUE,FALSE,0,1250
77,TRUE,FALSE,0,2357
77,TRUE,FALSE,1,1749
77,TRUE,FALSE,0,1241
77,TRUE,FALSE,0,4026
77,TRUE,FALSE,1,1759
77,TRUE,FALSE,0,950
77,TRUE,FALSE,1,2163
77,FALSE,TRUE,1,2274
77,FALSE,TRUE,0,2248
77,FALSE,TRUE,1,1946
77,FALSE,TRUE,0,1094
77,FALSE,TRUE,0,4147
77,FALSE,TRUE,1,575
77,FALSE,TRUE,1,1977
77,FALSE,TRUE,0,366
77,FALSE,TRUE,0,1631
77,FALSE,TRUE,0,2453
77,FALSE,TRUE,0,2515
77,FALSE,TRUE,0,3549
77,FALSE,TRUE,0,3722
77,FALSE,TRUE,0,2992
77,FALSE,TRUE,1,2148
77,TRUE,TRUE,0,1789
77,TRUE,TRUE,1,1815
77,TRUE,TRUE,0,1689
77,TRUE,TRUE,0,750
77,TRUE,TRUE,0,707
77,TRUE,TRUE,1,2325
77,TRUE,TRUE,1,2357
77,TRUE,TRUE,1,1160
77,TRUE,TRUE,1,1848
77,TRUE,TRUE,0,739
77,TRUE,TRUE,0,1097
77,TRUE,TRUE,0,612
77,TRUE,TRUE,1,1266
77,TRUE,TRUE,0,1648
77,TRUE,TRUE,1,4221
78,FALSE,TRUE,0,2085
78,FALSE,TRUE,0,2253
78,FALSE,TRUE,1,4889
78,FALSE,TRUE,0,2348
78,FALSE,TRUE,0,3458
78,FALSE,TRUE,1,1701
78,FALSE,TRUE,1,4378
78,FALSE,TRUE,1,2458
78,FALSE,TRUE,0,2399
78,FALSE,TRUE,1,5154
78,FALSE,TRUE,1,3066
78,FALSE,TRUE,0,2849
78,FALSE,TRUE,0,26948
78,FALSE,TRUE,0,4430
78,FALSE,TRUE,1,2584
78,TRUE,TRUE,1,2445
78,TRUE,TRUE,1,2184
78,TRUE,TRUE,1,4205
78,TRUE,TRUE,0,2397
78,TRUE,TRUE,1,4398
78,TRUE,TRUE,1,6006
78,TRUE,TRUE,0,2516
78,TRUE,TRUE,1,2509
78,TRUE,TRUE,0,5087
78,TRUE,TRUE,1,4880
78,TRUE,TRUE,0,4007
78,TRUE,TRUE,1,2416
78,TRUE,TRUE,0,4118
78,TRUE,TRUE,0,4772
78,TRUE,TRUE,1,2416
78,FALSE,FALSE,1,3860
78,FALSE,FALSE,0,2597
78,FALSE,FALSE,1,3792
78,FALSE,FALSE,0,4684
78,FALSE,FALSE,0,2370
78,FALSE,FALSE,0,6713
78,FALSE,FALSE,1,4182
78,FALSE,FALSE,0,5968
78,FALSE,FALSE,0,2704
78,FALSE,FALSE,0,2419
78,FALSE,FALSE,0,7698
78,FALSE,FALSE,0,6084
78,FALSE,FALSE,1,4024
78,FALSE,FALSE,0,1673
78,FALSE,FALSE,0,5742
78,TRUE,FALSE,0,5155
78,TRUE,FALSE,1,2789
78,TRUE,FALSE,1,2407
78,TRUE,FALSE,1,7475
78,TRUE,FALSE,1,4783
78,TRUE,FALSE,0,1937
78,TRUE,FALSE,0,6118
78,TRUE,FALSE,1,4517
78,TRUE,FALSE,1,2595
78,TRUE,FALSE,0,2211
78,TRUE,FALSE,1,2651
78,TRUE,FALSE,0,3526
78,TRUE,FALSE,1,2045
78,TRUE,FALSE,0,5174
78,TRUE,FALSE,0,2182
80,FALSE,TRUE,0,4180
80,FALSE,TRUE,1,1861
80,FALSE,TRUE,1,2319
80,FALSE,TRUE,1,3964
80,FALSE,TRUE,1,1583
80,FALSE,TRUE,1,3430
80,FALSE,TRUE,1,2297
80,FALSE,TRUE,0,4418
80,FALSE,TRUE,1,3464
80,FALSE,TRUE,0,3333
80,FALSE,TRUE,0,2465
80,FALSE,TRUE,1,2925
80,FALSE,TRUE,0,3368
80,FALSE,TRUE,1,5598
80,FALSE,TRUE,0,4140
80,TRUE,TRUE,1,2699
80,TRUE,TRUE,1,2123
80,TRUE,TRUE,1,3271
80,TRUE,TRUE,1,2462
80,TRUE,TRUE,1,2940
80,TRUE,TRUE,0,4377
80,TRUE,TRUE,1,2871
80,TRUE,TRUE,0,2194
80,TRUE,TRUE,1,1673
80,TRUE,TRUE,0,2523
80,TRUE,TRUE,1,4460
80,TRUE,TRUE,1,5484
80,TRUE,TRUE,0,3219
80,TRUE,TRUE,1,4489
80,TRUE,TRUE,1,4424
80,FALSE,FALSE,1,3138
80,FALSE,FALSE,0,8912
80,FALSE,FALSE,1,1964
80,FALSE,FALSE,0,4783
80,FALSE,FALSE,0,5255
80,FALSE,FALSE,0,1722
80,FALSE,FALSE,0,4750
80,FALSE,FALSE,0,3359
80,FALSE,FALSE,1,3239
80,FALSE,FALSE,1,4158
80,FALSE,FALSE,1,2719
80,FALSE,FALSE,0,5376
80,FALSE,FALSE,0,10130
80,FALSE,FALSE,0,4940
80,FALSE,FALSE,1,1876
80,TRUE,FALSE,1,2805
80,TRUE,FALSE,0,2518
80,TRUE,FALSE,1,4836
80,TRUE,FALSE,1,2964
80,TRUE,FALSE,1,3402
80,TRUE,FALSE,0,2139
80,TRUE,FALSE,1,2879
80,TRUE,FALSE,1,2600
80,TRUE,FALSE,0,6888
80,TRUE,FALSE,1,2670
80,TRUE,FALSE,1,3625
80,TRUE,FALSE,0,3170
80,TRUE,FALSE,1,2295
80,TRUE,FALSE,0,2554
80,TRUE,FALSE,1,13109
83,FALSE,FALSE,1,2225
83,FALSE,FALSE,1,1663
83,FALSE,FALSE,0,1741
83,FALSE,FALSE,0,1799
83,FALSE,FALSE,1,3076
83,FALSE,FALSE,1,2461
83,FALSE,FALSE,0,2516
83,FALSE,FALSE,1,3298
83,FALSE,FALSE,1,2648
83,FALSE,FALSE,0,1555
83,FALSE,FALSE,0,1925
83,FALSE,FALSE,1,2846
83,FALSE,FALSE,0,3644
83,FALSE,FALSE,1,2788
83,FALSE,FALSE,0,2759
83,TRUE,FALSE,1,3114
83,TRUE,FALSE,0,1419
83,TRUE,FALSE,1,3712
83,TRUE,FALSE,1,3675
83,TRUE,FALSE,0,1495
83,TRUE,FALSE,0,1704
83,TRUE,FALSE,0,1727
83,TRUE,FALSE,0,1949
83,TRUE,FALSE,1,2849
83,TRUE,FALSE,0,1674
83,TRUE,FALSE,1,2488
83,TRUE,FALSE,0,2254
83,TRUE,FALSE,0,1558
83,TRUE,FALSE,1,2728
83,TRUE,FALSE,1,3865
83,FALSE,TRUE,1,2229
83,FALSE,TRUE,1,2344
83,FALSE,TRUE,0,1369
83,FALSE,TRUE,0,2528
83,FALSE,TRUE,0,1684
83,FALSE,TRUE,1,1941
83,FALSE,TRUE,0,3263
83,FALSE,TRUE,1,2263
83,FALSE,TRUE,0,2388
83,FALSE,TRUE,0,2477
83,FALSE,TRUE,1,2095
83,FALSE,TRUE,0,2484
83,FALSE,TRUE,1,2536
83,FALSE,TRUE,1,2450
83,FALSE,TRUE,1,1826
83,TRUE,TRUE,0,2127
83,TRUE,TRUE,0,2073
83,TRUE,TRUE,1,2894
83,TRUE,TRUE,1,3715
83,TRUE,TRUE,1,2934
83,TRUE,TRUE,1,1715
83,TRUE,TRUE,1,1896
83,TRUE,TRUE,0,1955
83,TRUE,TRUE,1,2056
83,TRUE,TRUE,0,3847
83,TRUE,TRUE,1,1418
83,TRUE,TRUE,0,1403
83,TRUE,TRUE,1,2818
83,TRUE,TRUE,1,1122
83,TRUE,TRUE,1,4226
87,FALSE,TRUE,1,2215
87,FALSE,TRUE,1,1491
87,FALSE,TRUE,0,1984
87,FALSE,TRUE,0,2958
87,FALSE,TRUE,1,1449
87,FALSE,TRUE,1,2398
87,FALSE,TRUE,1,1191
87,FALSE,TRUE,1,2273
87,FALSE,TRUE,0,1846
87,FALSE,TRUE,1,3083
87,FALSE,TRUE,0,2793
87,FALSE,TRUE,0,1603
87,FALSE,TRUE,0,6829
87,FALSE,TRUE,1,2698
87,FALSE,TRUE,0,1941
87,TRUE,TRUE,1,3240
87,TRUE,TRUE,1,2193
87,TRUE,TRUE,1,2904
87,TRUE,TRUE,1,2000
87,TRUE,TRUE,1,2333
87,TRUE,TRUE,0,3450
87,TRUE,TRUE,1,4998
87,TRUE,TRUE,1,1993
87,TRUE,TRUE,1,1493
87,TRUE,TRUE,1,3152
87,TRUE,TRUE,0,27482
87,TRUE,TRUE,1,9967
87,TRUE,TRUE,0,2805
87,TRUE,TRUE,0,2464
87,TRUE,TRUE,0,4594
87,FALSE,FALSE,1,2491
87,FALSE,FALSE,0,1387
87,FALSE,FALSE,1,5589
87,FALSE,FALSE,0,2869
87,FALSE,FALSE,0,2151
87,FALSE,FALSE,0,2758
87,FALSE,FALSE,0,2352
87,FALSE,FALSE,0,2003
87,FALSE,FALSE,0,2842
87,FALSE,FALSE,0,1901
87,FALSE,FALSE,1,3901
87,FALSE,FALSE,1,3156
87,FALSE,FALSE,0,4950
87,FALSE,FALSE,1,2610
87,FALSE,FALSE,1,4377
87,TRUE,FALSE,1,2384
87,TRUE,FALSE,1,2734
87,TRUE,FALSE,1,2639
87,TRUE,FALSE,0,3763
87,TRUE,FALSE,0,1766
87,TRUE,FALSE,1,2242
87,TRUE,FALSE,0,2862
87,TRUE,FALSE,0,1840
87,TRUE,FALSE,1,3727
87,TRUE,FALSE,1,1870
87,TRUE,FALSE,1,2398
87,TRUE,FALSE,0,1761
87,TRUE,FALSE,1,2291
87,TRUE,FALSE,1,2097
87,TRUE,FALSE,0,2924
89,FALSE,TRUE,1,3487
89,FALSE,TRUE,1,3245
89,FALSE,TRUE,1,3174
89,FALSE,TRUE,0,3832
89,FALSE,TRUE,1,3980
89,FALSE,TRUE,1,2229
89,FALSE,TRUE,0,2280
89,FALSE,TRUE,0,5631
89,FALSE,TRUE,0,7016
89,FALSE,TRUE,1,7643
89,FALSE,TRUE,1,4548
89,FALSE,TRUE,1,2600
89,FALSE,TRUE,1,3642
89,FALSE,TRUE,0,25422
89,FALSE,TRUE,0,4731
89,TRUE,TRUE,1,3894
89,TRUE,TRUE,1,5455
89,TRUE,TRUE,1,3560
89,TRUE,TRUE,1,2766
89,TRUE,TRUE,1,2540
89,TRUE,TRUE,1,5769
89,TRUE,TRUE,0,2949
89,TRUE,TRUE,1,3373
89,TRUE,TRUE,1,4272
89,TRUE,TRUE,1,2530
89,TRUE,TRUE,0,2768
89,TRUE,TRUE,1,3630
89,TRUE,TRUE,0,4875
89,TRUE,TRUE,1,3785
89,TRUE,TRUE,1,6328
89,FALSE,FALSE,1,7599
89,FALSE,FALSE,0,7068
89,FALSE,FALSE,0,45030
89,FALSE,FALSE,0,4978
89,FALSE,FALSE,0,4399
89,FALSE,FALSE,1,2146
89,FALSE,FALSE,1,5580
89,FALSE,FALSE,0,2872
89,FALSE,FALSE,0,3661
89,FALSE,FALSE,0,4074
89,FALSE,FALSE,0,5431
89,FALSE,FALSE,1,6555
89,FALSE,FALSE,1,3544
89,FALSE,FALSE,0,6092
89,FALSE,FALSE,1,4678
89,TRUE,FALSE,1,4428
89,TRUE,FALSE,1,3754
89,TRUE,FALSE,1,5348
89,TRUE,FALSE,1,5468
89,TRUE,FALSE,1,5216
89,TRUE,FALSE,0,3349
89,TRUE,FALSE,0,2793
89,TRUE,FALSE,1,4383
89,TRUE,FALSE,1,4667
89,TRUE,FALSE,0,3971
89,TRUE,FALSE,1,19949
89,TRUE,FALSE,1,8147
89,TRUE,FALSE,0,28552
89,TRUE,FALSE,1,3310
89,TRUE,FALSE,0,1899
91,FALSE,TRUE,0,2270
91,FALSE,TRUE,1,1465
91,FALSE,TRUE,0,5043
91,FALSE,TRUE,1,2863
91,FALSE,TRUE,0,2142
91,FALSE,TRUE,1,3265
91,FALSE,TRUE,1,2327
91,FALSE,TRUE,0,3039
91,FALSE,TRUE,1,3512
91,FALSE,TRUE,1,4716
91,FALSE,TRUE,0,2486
91,FALSE,TRUE,0,3889
91,FALSE,TRUE,0,2366
91,FALSE,TRUE,0,2125
91,FALSE,TRUE,0,2623
91,TRUE,TRUE,1,2020
91,TRUE,TRUE,1,1581
91,TRUE,TRUE,1,2997
91,TRUE,TRUE,1,4154
91,TRUE,TRUE,0,2486
91,TRUE,TRUE,0,5291
91,TRUE,TRUE,0,4338
91,TRUE,TRUE,0,3786
91,TRUE,TRUE,1,2197
91,TRUE,TRUE,0,2798
91,TRUE,TRUE,0,2495
91,TRUE,TRUE,0,5495
91,TRUE,TRUE,0,3665
91,TRUE,TRUE,1,2486
91,TRUE,TRUE,1,1749
91,FALSE,FALSE,1,3527
91,FALSE,FALSE,0,2076
91,FALSE,FALSE,1,3237
91,FALSE,FALSE,1,3833
91,FALSE,FALSE,0,2271
91,FALSE,FALSE,1,3714
91,FALSE,FALSE,0,5880
91,FALSE,FALSE,1,2854
91,FALSE,FALSE,0,4354
91,FALSE,FALSE,0,3158
91,FALSE,FALSE,0,5678
91,FALSE,FALSE,0,3248
91,FALSE,FALSE,0,3416
91,FALSE,FALSE,0,5173
91,FALSE,FALSE,0,2035
91,TRUE,FALSE,1,1828
91,TRUE,FALSE,1,2382
91,TRUE,FALSE,1,3160
91,TRUE,FALSE,0,5061
91,TRUE,FALSE,0,1620
91,TRUE,FALSE,1,3688
91,TRUE,FALSE,0,3309
91,TRUE,FALSE,0,4371
91,TRUE,FALSE,1,5285
91,TRUE,FALSE,0,1853
91,TRUE,FALSE,1,1556
91,TRUE,FALSE,1,6398
91,TRUE,FALSE,0,4242
91,TRUE,FALSE,1,2942
91,TRUE,FALSE,0,2517
92,FALSE,TRUE,1,415
92,FALSE,TRUE,0,873
92,FALSE,TRUE,1,1939
92,FALSE,TRUE,0,637
92,FALSE,TRUE,1,638
92,FALSE,TRUE,0,730
92,FALSE,TRUE,1,460
92,FALSE,TRUE,1,584
92,FALSE,TRUE,0,277
92,FALSE,TRUE,0,589
92,FALSE,TRUE,1,981
92,FALSE,TRUE,0,710
92,FALSE,TRUE,0,430
92,FALSE,TRUE,0,616
92,FALSE,TRUE,0,939
92,TRUE,TRUE,0,830
92,TRUE,TRUE,0,825
92,TRUE,TRUE,0,404
92,TRUE,TRUE,1,975
92,TRUE,TRUE,1,1061
92,TRUE,TRUE,0,845
92,TRUE,TRUE,1,333
92,TRUE,TRUE,0,529
92,TRUE,TRUE,1,586
92,TRUE,TRUE,1,1129
92,TRUE,TRUE,1,1420
92,TRUE,TRUE,0,1290
92,TRUE,TRUE,1,494
92,TRUE,TRUE,1,309
92,TRUE,TRUE,1,545
92,FALSE,FALSE,1,1775
92,FALSE,FALSE,1,258
92,FALSE,FALSE,1,431
92,FALSE,FALSE,0,424
92,FALSE,FALSE,0,676
92,FALSE,FALSE,0,473
92,FALSE,FALSE,1,816
92,FALSE,FALSE,1,935
92,FALSE,FALSE,1,236
92,FALSE,FALSE,1,547
92,FALSE,FALSE,1,557
92,FALSE,FALSE,1,904
92,FALSE,FALSE,1,861
92,FALSE,FALSE,1,631
92,FALSE,FALSE,1,799
92,TRUE,FALSE,0,1093
92,TRUE,FALSE,0,786
92,TRUE,FALSE,0,550
92,TRUE,FALSE,1,527
92,TRUE,FALSE,1,658
92,TRUE,FALSE,0,608
92,TRUE,FALSE,1,419
92,TRUE,FALSE,0,520
92,TRUE,FALSE,0,374
92,TRUE,FALSE,0,2413
92,TRUE,FALSE,1,1046
92,TRUE,FALSE,1,484
92,TRUE,FALSE,0,2328
92,TRUE,FALSE,1,884
92,TRUE,FALSE,1,475
